Tahun,Tanggal,Beras Kualitas Bawah I,Beras Kualitas Bawah II,Beras Kualitas Medium I,Beras Kualitas Medium II,Beras Kualitas Super I,Beras Kualitas Super II
2020,1/2/2020,9700,9950,11150,11200,12100,12000
2020,1/3/2020,9700,9950,11150,11200,12100,12000
2020,1/6/2020,9700,9950,11150,11200,12100,12000
2020,1/7/2020,9700,9950,11150,11200,12100,12000
2020,1/8/2020,9700,9950,11150,11150,12100,12000
2020,1/9/2020,9700,9950,11150,11200,12100,12000
2020,1/10/2020,9700,9950,11150,11200,12100,12000
2020,1/13/2020,9700,9950,11150,11200,12100,12000
2020,1/14/2020,9700,9950,11150,11200,12100,12000
2020,1/15/2020,9700,9950,11150,11150,12100,12000
2020,1/16/2020,9700,9950,11150,11200,12100,12000
2020,1/17/2020,9700,9950,11150,11200,12100,12000
2020,1/20/2020,9700,9950,11150,11200,12100,12000
2020,1/21/2020,9700,9950,11150,11200,12100,12000
2020,1/22/2020,9700,9950,11150,11200,12100,12000
2020,1/23/2020,9700,9950,11150,11200,12100,12000
2020,1/24/2020,9700,9950,11150,11200,12100,12000
2020,1/27/2020,9700,9950,11150,11200,12100,12000
2020,1/28/2020,9700,9950,11100,11200,12050,12000
2020,1/29/2020,9700,9950,11100,11200,12050,12000
2020,1/30/2020,9700,9950,11100,11200,12050,12000
2020,1/31/2020,9700,9950,11100,11200,12050,12000
2020,2/3/2020,9700,9950,11100,11200,12050,12000
2020,2/4/2020,9700,9950,11100,11200,12050,12000
2020,2/5/2020,9700,9950,11100,11200,12050,12000
2020,2/6/2020,9700,9950,11100,11200,12050,12000
2020,2/7/2020,9700,9950,11100,11200,12050,12000
2020,2/10/2020,9700,9950,11100,11200,12050,12000
2020,2/11/2020,9700,9950,11100,11200,12050,12000
2020,2/12/2020,9700,9950,11100,11200,12050,12000
2020,2/13/2020,9700,9950,11100,11200,12050,12000
2020,2/14/2020,9700,9950,11100,11200,12050,12000
2020,2/17/2020,9700,9950,11100,11200,12050,12000
2020,2/18/2020,9700,9950,11100,11200,12050,12000
2020,2/19/2020,9700,9950,11100,11200,12050,12000
2020,2/20/2020,9700,9950,11100,11200,12050,12000
2020,2/21/2020,9700,9950,10950,11200,12050,12000
2020,2/24/2020,9700,9950,10950,11200,12050,12000
2020,2/25/2020,9700,9950,10950,11200,12050,12000
2020,2/26/2020,9700,9950,10950,11200,12050,12000
2020,2/27/2020,9700,9950,10950,11200,12050,12000
2020,2/28/2020,9700,9950,10950,11200,12050,12000
2020,3/2/2020,9700,9950,10950,11200,12050,12000
2020,3/3/2020,9700,9950,10950,11200,12050,12000
2020,3/4/2020,9700,9950,10950,11200,12050,12000
2020,3/5/2020,9700,9950,10950,11200,12050,12000
2020,3/6/2020,9700,9950,10950,11200,12050,12000
2020,3/9/2020,9700,9900,10950,11150,12050,12000
2020,3/10/2020,9700,9900,10950,11150,12050,12000
2020,3/11/2020,9700,9900,10950,11150,12050,12000
2020,3/12/2020,9500,9900,11050,11100,11950,11750
2020,3/13/2020,9700,9900,10950,11150,12050,12000
2020,3/16/2020,9700,9900,10950,11150,12050,12000
2020,3/17/2020,9700,9900,10950,11150,12050,12000
2020,3/18/2020,9700,9900,10950,11150,12050,12000
2020,3/19/2020,9700,9900,10950,11150,12050,12000
2020,3/20/2020,9700,9900,10950,11150,12050,12000
2020,3/23/2020,9700,9900,10950,11150,12050,12000
2020,3/24/2020,9700,9900,10950,11150,12050,12000
2020,3/26/2020,9700,9900,10950,11150,12050,12000
2020,3/27/2020,9700,9900,10950,11150,12050,12000
2020,3/30/2020,9700,9900,10950,11150,12050,12000
2020,3/31/2020,9700,9900,10950,11150,12050,12000
2020,4/1/2020,9700,9900,10950,11150,12050,12000
2020,4/2/2020,9700,9900,10950,11150,12050,12000
2020,4/3/2020,9700,9900,10950,11150,12050,12000
2020,4/6/2020,9700,9900,10950,11150,12050,12000
2020,4/7/2020,9700,9900,10950,11150,12050,12000
2020,4/8/2020,9700,9900,10950,11150,12050,12000
2020,4/9/2020,9700,9900,10950,11150,12050,12000
2020,4/13/2020,9700,9900,10900,11150,12000,12000
2020,4/14/2020,9700,9900,10900,11150,12000,12000
2020,4/15/2020,9700,9900,10900,11150,12000,12000
2020,4/16/2020,9700,9900,10900,11150,12000,12000
2020,4/17/2020,9700,9900,10900,11150,12000,12000
2020,4/20/2020,9700,9900,10900,11150,12000,12000
2020,4/21/2020,9700,9900,10900,11150,12000,12000
2020,4/22/2020,9700,9900,10900,11150,12000,12000
2020,4/23/2020,9700,9900,10900,11150,12000,12000
2020,4/24/2020,9700,9900,10900,11150,12000,12000
2020,4/27/2020,9700,9900,10900,11150,12000,12000
2020,4/28/2020,9700,9900,10900,11150,12000,12000
2020,4/29/2020,9700,9900,10900,11150,12000,12000
2020,4/30/2020,9700,9900,10900,11150,12000,12000
2020,5/4/2020,9700,9900,10900,11150,12000,12000
2020,5/5/2020,9700,9900,10900,11150,12000,12000
2020,5/6/2020,9700,9900,10900,11150,12000,12000
2020,5/8/2020,9700,9900,10900,11150,12000,12000
2020,5/11/2020,9700,9900,10900,11150,12000,12000
2020,5/12/2020,9700,9900,10900,11150,12000,12000
2020,5/13/2020,9700,9900,10900,11150,12000,12000
2020,5/14/2020,9700,9900,10900,11150,12000,12000
2020,5/15/2020,9700,9900,10900,11150,12000,12000
2020,5/18/2020,9700,9900,10900,11150,12000,12000
2020,5/19/2020,9700,9900,10900,11150,12000,12000
2020,5/20/2020,9700,9900,10900,11150,12000,12000
2020,5/26/2020,9700,9950,10900,11150,12000,12000
2020,5/27/2020,9700,9950,10900,11150,12000,12000
2020,5/28/2020,9700,9950,10900,11150,12050,12000
2020,5/29/2020,9700,9950,10900,11150,12050,12000
2020,6/2/2020,9700,9950,10900,11150,12050,12000
2020,6/3/2020,9700,9950,10900,11150,12050,12000
2020,6/4/2020,9700,9950,10900,11150,12100,12000
2020,6/5/2020,9700,9950,10900,11150,12100,12000
2020,6/8/2020,9700,9950,10900,11150,12100,12000
2020,6/9/2020,9700,9950,10900,11150,12100,12000
2020,6/10/2020,9700,9950,10900,11150,12100,12000
2020,6/11/2020,9700,9950,10900,11150,12100,12000
2020,6/12/2020,9700,9950,10900,11150,12100,12000
2020,6/15/2020,9700,9950,10900,11150,12100,12000
2020,6/16/2020,9700,9950,10900,11150,12100,12000
2020,6/17/2020,9700,9950,10900,11150,12100,12000
2020,6/18/2020,9700,9950,10900,11150,12100,12000
2020,6/19/2020,9700,9950,10900,11150,12100,12000
2020,6/22/2020,9700,9950,10900,11150,12100,12000
2020,6/23/2020,9700,9950,10900,11150,12100,12000
2020,6/24/2020,9700,9950,10900,11150,12100,12000
2020,6/25/2020,9700,9950,10900,11150,12100,12000
2020,6/26/2020,9700,9950,10900,11150,12100,12000
2020,6/29/2020,9700,9950,10900,11150,12100,12000
2020,6/30/2020,9700,9950,10900,11150,12100,12000
2020,7/1/2020,9700,10000,10950,11200,12150,12100
2020,7/2/2020,9700,10000,10950,11200,12150,12100
2020,7/3/2020,9700,10000,10950,11200,12150,12100
2020,7/6/2020,9700,10000,10950,11200,12150,12100
2020,7/7/2020,9700,10000,10950,11200,12150,12100
2020,7/8/2020,9700,10000,10950,11200,12150,12100
2020,7/9/2020,9700,10000,10950,11200,12150,12100
2020,7/10/2020,9700,10000,10950,11200,12150,12100
2020,7/13/2020,9700,10000,10950,11200,12150,12100
2020,7/14/2020,9700,10000,10950,11200,12150,12100
2020,7/15/2020,9700,10000,10950,11200,12150,12100
2020,7/16/2020,9700,10000,10950,11200,12150,12100
2020,7/17/2020,9700,10000,10950,11200,12150,12100
2020,7/20/2020,9700,9950,10950,11200,12150,12100
2020,7/21/2020,9700,9950,10950,11200,12150,12100
2020,7/22/2020,9700,9950,10950,11200,12150,12100
2020,7/23/2020,9700,9950,10950,11200,12150,12100
2020,7/24/2020,9700,9950,10950,11200,12150,12100
2020,7/27/2020,9700,9950,10950,11200,12150,12100
2020,7/28/2020,9700,9950,10950,11200,12150,12100
2020,7/29/2020,9700,9950,10950,11250,12150,12100
2020,7/30/2020,9700,9950,10950,11200,12150,12100
2020,8/3/2020,9800,10000,11000,11200,12150,12100
2020,8/4/2020,9750,10000,11000,11200,12150,12100
2020,8/5/2020,9750,10000,11000,11200,12150,12100
2020,8/6/2020,9750,10000,11000,11200,12150,12100
2020,8/7/2020,9750,10000,11000,11200,12150,12100
2020,8/10/2020,9750,10000,11000,11200,12150,12100
2020,8/11/2020,9700,9950,11000,11150,12100,12050
2020,8/12/2020,9700,9950,11000,11150,12100,12050
2020,8/13/2020,9700,9950,11000,11150,12100,12050
2020,8/14/2020,9700,9950,11000,11150,12100,12050
2020,8/18/2020,9700,9950,11000,11150,12100,12050
2020,8/19/2020,9700,9950,11000,11150,12100,12050
2020,8/24/2020,9700,9950,11000,11150,12100,12050
2020,8/25/2020,9700,9950,11000,11100,12050,12000
2020,8/26/2020,9700,9950,11000,11100,12050,12000
2020,8/27/2020,9700,9900,11150,11000,12050,12000
2020,8/28/2020,9700,9900,11150,11000,12050,12000
2020,8/31/2020,9750,9900,11150,11000,12050,12000
2020,9/1/2020,9700,9950,11200,11050,12050,11950
2020,9/2/2020,9700,9950,11200,11050,12050,11950
2020,9/3/2020,9700,9950,11200,11050,12050,11950
2020,9/4/2020,9650,10000,11150,11100,12000,11950
2020,9/7/2020,9650,10000,11150,11100,12000,11950
2020,9/8/2020,9650,10000,11250,11100,12000,11950
2020,9/9/2020,9650,10000,11250,11100,12000,11950
2020,9/10/2020,9650,10000,11250,11100,12000,11950
2020,9/11/2020,9650,10000,11250,11100,12000,11950
2020,9/14/2020,9650,10000,11250,11100,12000,11950
2020,9/15/2020,9650,10000,11250,11100,12000,11950
2020,9/16/2020,9650,10000,11250,11100,12000,11950
2020,9/17/2020,9650,10000,11250,11100,12000,11950
2020,9/18/2020,9650,10000,11250,11100,12000,11950
2020,9/21/2020,9650,10000,11250,11100,12000,11950
2020,9/22/2020,9650,10000,11250,11100,12000,11950
2020,9/23/2020,9650,10000,11250,11100,12000,11950
2020,9/24/2020,9650,10000,11250,11100,12000,11950
2020,9/25/2020,9650,10000,11250,11100,12000,11950
2020,9/28/2020,9650,10000,11250,11100,12000,11950
2020,9/29/2020,9650,10000,11250,11100,12000,11950
2020,9/30/2020,9650,10000,11250,11100,12000,11950
2020,10/1/2020,9650,10000,11250,11100,12000,11950
2020,10/2/2020,9650,10000,11250,11100,12000,11950
2020,10/5/2020,9650,10000,11250,11100,12000,11950
2020,10/6/2020,9650,10000,11250,11100,12000,11950
2020,10/7/2020,9650,10000,11250,11100,12000,11950
2020,10/8/2020,9650,10000,11250,11100,12000,11950
2020,10/9/2020,9650,10000,11250,11100,12000,11950
2020,10/12/2020,9650,10000,11250,11100,12000,11950
2020,10/13/2020,9650,10000,11250,11100,12000,11950
2020,10/14/2020,9650,10000,11250,11100,12000,11950
2020,10/15/2020,9650,10000,11250,11100,12000,11950
2020,10/16/2020,9650,10000,11250,11100,12000,11950
2020,10/19/2020,9650,10000,11250,11100,12000,11950
2020,10/20/2020,9650,10000,11250,11100,12000,11950
2020,10/21/2020,9650,10000,11250,11100,12000,11950
2020,10/22/2020,9650,10000,11250,11100,12000,11950
2020,10/23/2020,9650,10000,11250,11100,12000,11950
2020,10/26/2020,9650,10000,11250,11100,12000,11950
2020,10/27/2020,9650,10000,11250,11100,12000,11950
2020,10/28/2020,9850,10000,10450,11300,11150,12000
2020,10/30/2020,9850,10000,10450,11300,11150,12000
2020,11/2/2020,9650,10000,11250,11100,12000,11950
2020,11/3/2020,9650,10000,11250,11100,12000,11950
2020,11/4/2020,9650,10000,11250,11100,12000,11950
2020,11/5/2020,9650,10000,11250,11100,12000,11950
2020,11/6/2020,9650,10000,11250,11100,12000,11950
2020,11/9/2020,9650,10000,11250,11100,12000,11950
2020,11/10/2020,9650,10000,11250,11100,12000,11950
2020,11/11/2020,9650,10000,11250,11100,12000,11950
2020,11/12/2020,9650,10000,11250,11100,12000,11950
2020,11/13/2020,9650,10000,11250,11100,12000,11950
2020,11/16/2020,9650,10000,11250,11100,12000,11950
2020,11/17/2020,9650,10000,11250,11100,12000,11950
2020,11/18/2020,9650,10000,11250,11100,12000,11950
2020,11/19/2020,9650,10000,11250,11100,12000,11950
2020,11/20/2020,9650,10000,11250,11100,12000,11950
2020,11/23/2020,9650,10000,11250,11100,12000,11950
2020,11/24/2020,9650,10000,11250,11100,12000,11950
2020,11/25/2020,9650,10000,11250,11100,12000,11950
2020,11/26/2020,9650,10000,11250,11100,12000,11950
2020,11/27/2020,9650,10000,11250,11100,12000,11950
2020,11/30/2020,9650,10000,11250,11100,12000,11950
2020,12/1/2020,9650,10000,11250,11100,12000,11950
2020,12/2/2020,9650,10000,11250,11100,12000,11950
2020,12/3/2020,9650,10000,11250,11100,12000,11950
2020,12/4/2020,9650,10000,11250,11100,12000,11950
2020,12/7/2020,9650,10000,11250,11100,12000,11950
2020,12/8/2020,9650,10000,11250,11100,12000,11950
2020,12/10/2020,9650,10000,11250,11100,12000,11950
2020,12/11/2020,9650,10000,11250,11100,11950,11950
2020,12/14/2020,9650,10000,11250,11100,11950,11950
2020,12/15/2020,9650,10000,11250,11100,11950,11950
2020,12/16/2020,9650,10000,11250,11100,11950,11950
2020,12/17/2020,9650,10000,11250,11100,11950,11950
2020,12/18/2020,9650,9900,11150,11150,11950,11850
2020,12/21/2020,9650,9900,11150,11150,11950,11850
2020,12/22/2020,9650,9900,11150,11150,11950,11850
2020,12/23/2020,9650,9900,11150,11150,11950,11850
2020,12/28/2020,9650,9900,11150,11150,11950,11850
2020,12/29/2020,9650,9900,11150,11150,11950,11850
2020,12/30/2020,9600,9950,11150,11150,11950,11850
2021,1/4/2021,9600,9950,11150,11150,11950,11850
2021,1/5/2021,9600,9950,11150,11150,11950,11850
2021,1/6/2021,9600,9950,11150,11150,11950,11850
2021,1/7/2021,9600,9950,11150,11150,11950,11850
2021,1/8/2021,9600,9950,11150,11150,12000,11850
2021,1/11/2021,9600,9950,11150,11150,12000,11850
2021,1/12/2021,9600,9950,11150,11150,12000,11850
2021,1/13/2021,9600,9950,11150,11150,12000,11850
2021,1/14/2021,9600,9950,11150,11150,12000,11850
2021,1/15/2021,9600,9950,11150,11150,12000,11850
2021,1/18/2021,9600,9950,11150,11150,12000,11850
2021,1/19/2021,9600,9950,11150,11150,12000,11850
2021,1/20/2021,9600,9950,11150,11150,12000,11850
2021,1/21/2021,9600,9950,11150,11150,12000,11850
2021,1/22/2021,9600,9950,11150,11150,12000,11850
2021,1/25/2021,9600,9950,11150,11150,12000,11850
2021,1/26/2021,9600,9950,11150,11150,12000,11850
2021,1/27/2021,9600,9950,11150,11150,12000,11850
2021,1/28/2021,9600,9950,11150,11150,12000,11850
2021,1/29/2021,9600,9950,11150,11150,12000,11850
2021,2/1/2021,9600,9950,11150,11150,12000,11850
2021,2/2/2021,9600,9950,11150,11150,12000,11850
2021,2/3/2021,9600,9950,11150,11150,12000,11850
2021,2/4/2021,9600,9950,11150,11150,12000,11850
2021,2/5/2021,9600,9950,11150,11150,12000,11850
2021,2/8/2021,9600,9950,11050,11150,12000,11850
2021,2/9/2021,9600,9950,11050,11150,12000,11850
2021,2/10/2021,9600,9950,11050,11150,12000,11850
2021,2/11/2021,9600,9950,11050,11150,12000,11850
2021,2/15/2021,9600,9950,11050,11150,12000,11850
2021,2/16/2021,9600,9900,11050,11150,12000,11850
2021,2/17/2021,9600,9900,11050,11150,12000,11850
2021,2/18/2021,9600,9900,11050,11150,12000,11850
2021,2/19/2021,9600,9900,11050,11150,12000,11850
2021,2/22/2021,9600,9950,11050,11150,12000,11850
2021,2/23/2021,9600,9950,11050,11150,12000,11850
2021,2/24/2021,9600,9950,11050,11150,12000,11850
2021,2/25/2021,9600,9950,11050,11150,12000,11850
2021,2/26/2021,9600,9950,11050,11150,12000,11850
2021,3/1/2021,9900,10250,11200,11400,12400,12450
2021,3/2/2021,9900,10250,11200,11400,12400,12450
2021,3/3/2021,9900,10250,11200,11400,12400,12450
2021,3/4/2021,9650,10250,11200,11350,12100,12150
2021,3/5/2021,9650,10250,11200,11350,12100,12150
2021,3/8/2021,9650,10250,11200,11350,12100,12150
2021,3/9/2021,9650,10250,11200,11350,12100,12150
2021,3/10/2021,9650,10250,11200,11350,12100,12150
2021,3/12/2021,9650,10250,11200,11350,12100,12150
2021,3/15/2021,9650,10250,11200,11350,12350,12600
2021,3/16/2021,9650,10250,11200,11350,12350,12600
2021,3/17/2021,9650,10250,11200,11350,12350,12600
2021,3/18/2021,9650,10250,11200,11350,12350,12600
2021,3/19/2021,9650,10250,11200,11350,12350,12600
2021,3/22/2021,9650,10200,11200,11350,12350,12600
2021,3/23/2021,9650,10200,11200,11350,12350,12600
2021,3/24/2021,9650,10200,11200,11350,12350,12600
2021,3/25/2021,9650,10200,11200,11350,12350,12600
2021,3/26/2021,9650,10200,11200,11350,12350,12600
2021,3/29/2021,9650,10200,11200,11350,12350,12600
2021,3/30/2021,9650,10200,11200,11350,12350,12600
2021,3/31/2021,9650,10200,11200,11350,12350,12600
2021,4/1/2021,9650,10200,11200,11350,12350,12600
2021,4/5/2021,9650,10200,11200,11350,12350,12600
2021,4/6/2021,9650,10200,11200,11350,12350,12600
2021,4/7/2021,9650,10200,11200,11350,12350,12600
2021,4/8/2021,9650,10200,11200,11350,12350,12600
2021,4/9/2021,9650,10200,11200,11350,12350,12600
2021,4/12/2021,9650,10200,11200,11350,12350,12600
2021,4/13/2021,9650,10200,11200,11350,12350,12600
2021,4/14/2021,9650,10200,11200,11350,12350,12600
2021,4/15/2021,9650,10200,11200,11350,12350,12600
2021,4/16/2021,9650,10200,11200,11350,12350,12600
2021,4/19/2021,9650,10200,11200,11350,12350,12600
2021,4/20/2021,9650,10200,11200,11350,12350,12600
2021,4/21/2021,9650,10200,11200,11350,12350,12600
2021,4/22/2021,9650,10200,11200,11350,12350,12600
2021,4/23/2021,9650,10200,11200,11350,12350,12600
2021,4/26/2021,9650,10200,11200,11350,12350,12600
2021,4/27/2021,9650,10200,11200,11350,12350,12600
2021,4/28/2021,9650,10200,11200,11350,12350,12600
2021,4/29/2021,9650,10200,11200,11350,12350,12600
2021,4/30/2021,9650,10200,11200,11350,12350,12600
2021,5/3/2021,9650,10200,11250,11350,12350,12600
2021,5/4/2021,9650,10200,11200,11400,12350,12500
2021,5/5/2021,9650,10200,11200,11400,12350,12500
2021,5/6/2021,9650,10200,11200,11400,12350,12500
2021,5/7/2021,9650,10200,11200,11400,12350,12500
2021,5/10/2021,9650,10200,11200,11400,12350,12500
2021,5/11/2021,9650,10200,11200,11400,12350,12500
2021,5/17/2021,9650,10200,11200,11400,12350,12500
2021,5/18/2021,9650,10200,11200,11400,12350,12500
2021,5/19/2021,9650,10200,11200,11400,12350,12500
2021,5/20/2021,9650,10200,11200,11400,12350,12500
2021,5/21/2021,9650,10200,11200,11400,12350,12500
2021,5/24/2021,9650,10200,11200,11400,12350,12500
2021,5/25/2021,9650,10200,11200,11400,12350,12500
2021,5/27/2021,9650,10200,11200,11400,12350,12500
2021,5/28/2021,9650,10200,11200,11400,12350,12500
2021,5/31/2021,9650,10150,11100,11400,12350,12500
2021,6/2/2021,9650,10150,11100,11400,12350,12500
2021,6/3/2021,9650,10150,11100,11400,12350,12500
2021,6/4/2021,9650,10150,11100,11400,12350,12500
2021,6/7/2021,9650,10150,11100,11400,12350,12500
2021,6/8/2021,9650,10150,11100,11400,12350,12500
2021,6/9/2021,9650,10150,11100,11400,12350,12500
2021,6/10/2021,9650,10150,11100,11400,12350,12500
2021,6/11/2021,9650,10150,11100,11400,12350,12500
2021,6/14/2021,9650,10150,11100,11400,12350,12500
2021,6/15/2021,9650,10150,11100,11400,12350,12500
2021,6/16/2021,9650,10150,11100,11400,12350,12500
2021,6/17/2021,9650,10150,11100,11400,12350,12500
2021,6/18/2021,9650,10150,11100,11400,12350,12500
2021,6/21/2021,9650,10150,11100,11400,12350,12500
2021,6/22/2021,9650,10150,11100,11400,12350,12450
2021,6/23/2021,9650,10150,11100,11400,12350,12450
2021,6/24/2021,9650,10150,11100,11400,12350,12450
2021,6/25/2021,9650,10150,11100,11400,12350,12450
2021,6/28/2021,9650,10150,11100,11400,12350,12450
2021,6/29/2021,9650,10150,11100,11400,12300,12400
2021,6/30/2021,9650,10100,11100,11400,12300,12400
2021,7/1/2021,9650,10100,11100,11350,12300,12400
2021,7/2/2021,9650,10100,11100,11350,12300,12400
2021,7/5/2021,9650,10100,11100,11350,12300,12400
2021,7/6/2021,9650,10100,11100,11350,12300,12400
2021,7/7/2021,9700,10150,11100,11350,12250,12450
2021,7/8/2021,9700,10150,11100,11350,12250,12450
2021,7/9/2021,9700,10150,11100,11350,12250,12450
2021,7/12/2021,9700,10150,11100,11350,12250,12450
2021,7/13/2021,9700,10150,11100,11400,12300,12450
2021,7/14/2021,9700,10150,11100,11400,12300,12450
2021,7/15/2021,9700,10150,11100,11400,12300,12450
2021,7/16/2021,9700,10150,11100,11400,12300,12450
2021,7/19/2021,9700,10150,11100,11400,12300,12450
2021,7/21/2021,9700,10150,11100,11400,12300,12450
2021,7/22/2021,9700,10150,11100,11400,12300,12450
2021,7/23/2021,9700,10150,11100,11400,12300,12450
2021,7/26/2021,9700,10100,11100,11400,12300,12450
2021,7/27/2021,9700,10100,11100,11400,12300,12450
2021,7/28/2021,9700,10100,11100,11400,12300,12450
2021,7/29/2021,9700,10100,11100,11400,12300,12450
2021,7/30/2021,9700,10100,11100,11400,12300,12450
2021,8/2/2021,9750,10100,11050,11400,12250,12500
2021,8/3/2021,9750,10100,11050,11400,12250,12500
2021,8/4/2021,9750,10100,11050,11400,12250,12500
2021,8/5/2021,9750,10100,11050,11400,12250,12500
2021,8/6/2021,9750,10100,11050,11400,12250,12500
2021,8/9/2021,9750,10100,11050,11400,12250,12500
2021,8/10/2021,9750,10100,11050,11400,12250,12500
2021,8/12/2021,9750,10100,11050,11400,12300,12450
2021,8/13/2021,9750,10100,11050,11400,12300,12450
2021,8/16/2021,9750,10100,11050,11400,12300,12450
2021,8/18/2021,9750,10100,11050,11400,12300,12450
2021,8/19/2021,9800,10150,11100,11450,12300,12500
2021,8/20/2021,9800,10150,11100,11450,12300,12500
2021,8/23/2021,9800,10200,11150,11450,12300,12500
2021,8/24/2021,9800,10200,11150,11450,12300,12500
2021,8/25/2021,9800,10200,11150,11450,12300,12450
2021,8/26/2021,9800,10200,11150,11450,12300,12450
2021,8/27/2021,9800,10200,11150,11450,12300,12450
2021,8/30/2021,9800,10250,11150,11450,12350,12400
2021,8/31/2021,9750,10200,11150,11450,12300,12300
2021,9/1/2021,9750,10200,11150,11450,12300,12300
2021,9/2/2021,9750,10200,11150,11400,12250,12300
2021,9/3/2021,9750,10200,11150,11400,12250,12300
2021,9/6/2021,9750,10200,11150,11400,12250,12300
2021,9/7/2021,9750,10200,11150,11400,12250,12300
2021,9/8/2021,9800,10150,11150,11350,12150,12200
2021,9/9/2021,9800,10150,11150,11350,12150,12200
2021,9/10/2021,9800,10150,11150,11350,12150,12200
2021,9/13/2021,9800,10200,11150,11350,12150,12150
2021,9/14/2021,9800,10200,11150,11350,12150,12150
2021,9/15/2021,9800,10200,11150,11350,12150,12150
2021,9/16/2021,9800,10200,11150,11350,12150,12150
2021,9/17/2021,9800,10200,11150,11350,12150,12150
2021,9/20/2021,9800,10200,11150,11350,12150,12150
2021,9/21/2021,9800,10200,11150,11350,12150,12150
2021,9/22/2021,9800,10200,11150,11350,12150,12150
2021,9/23/2021,9800,10200,11150,11350,12150,12150
2021,9/24/2021,9800,10200,11150,11350,12150,12150
2021,9/27/2021,9800,10200,11150,11350,12150,12150
2021,9/28/2021,9750,10200,11150,11350,12100,12100
2021,9/29/2021,9750,10200,11150,11350,12100,12100
2021,9/30/2021,9750,10200,11150,11350,12100,12100
2021,10/1/2021,9750,10200,11150,11350,12100,12100
2021,10/4/2021,9750,10200,11150,11350,12100,12100
2021,10/5/2021,9750,10200,11150,11350,12100,12100
2021,10/6/2021,9750,10200,11150,11350,12100,12100
2021,10/7/2021,9750,10200,11150,11350,12100,12100
2021,10/8/2021,9750,10200,11150,11350,12100,12100
2021,10/11/2021,9750,10200,11150,11350,12100,12100
2021,10/12/2021,9750,10200,11150,11350,12100,12100
2021,10/13/2021,9750,10200,11150,11350,12100,12100
2021,10/14/2021,9750,10200,11150,11350,12100,12100
2021,10/15/2021,9750,10200,11150,11350,12100,12100
2021,10/18/2021,9750,10200,11150,11350,12100,12100
2021,10/19/2021,9750,10200,11150,11350,12100,12100
2021,10/21/2021,9750,10200,11150,11350,12100,12100
2021,10/22/2021,9750,10200,11150,11350,12100,12100
2021,10/25/2021,9700,10100,11100,11300,12100,12050
2021,10/26/2021,9700,10100,11100,11300,12100,12050
2021,10/27/2021,9700,10100,11100,11300,12100,12050
2021,10/28/2021,9700,10100,11100,11300,12100,12050
2021,10/29/2021,9650,10050,11050,11250,12050,12050
2021,11/1/2021,9650,10050,11050,11300,12050,12050
2021,11/2/2021,9650,10050,11050,11300,12050,12050
2021,11/3/2021,9650,10050,11050,11300,12050,12050
2021,11/4/2021,9650,10050,11050,11300,12050,12050
2021,11/5/2021,9650,10050,11050,11300,12050,12050
2021,11/8/2021,9650,10050,11050,11300,12050,12050
2021,11/9/2021,9650,10050,11050,11300,12050,12050
2021,11/10/2021,9700,10050,11050,11300,12050,12050
2021,11/11/2021,9700,10050,11050,11300,12050,12050
2021,11/12/2021,9700,10050,11050,11300,12050,12050
2021,11/15/2021,9700,10050,11050,11300,12050,12050
2021,11/16/2021,9700,10050,11050,11300,12050,12050
2021,11/17/2021,9700,10050,11050,11300,12050,12050
2021,11/18/2021,9700,10050,11050,11300,12050,12050
2021,11/19/2021,9700,10050,11050,11300,12050,12050
2021,11/22/2021,9700,10050,11050,11300,12050,12050
2021,11/23/2021,9700,10050,11050,11300,12050,12050
2021,11/24/2021,9700,10050,11050,11300,12050,12050
2021,11/25/2021,9700,10050,11050,11300,12050,12050
2021,11/26/2021,9700,10050,11050,11300,12050,12050
2021,11/29/2021,9700,10050,11050,11300,12050,12050
2021,11/30/2021,9700,10050,11050,11300,12050,12050
2021,12/1/2021,9700,10050,11050,11300,12050,12050
2021,12/2/2021,9700,10050,11050,11250,12050,12050
2021,12/3/2021,9700,10050,11050,11250,12050,12050
2021,12/6/2021,9700,10050,11050,11250,12050,12050
2021,12/7/2021,9700,10050,11050,11250,12050,12050
2021,12/8/2021,9700,10050,11050,11250,12050,12050
2021,12/9/2021,9700,10050,11050,11250,12050,12050
2021,12/10/2021,9700,10050,11050,11250,12050,12050
2021,12/13/2021,9700,10150,11100,11350,12100,12100
2021,12/14/2021,9750,10150,11150,11350,12200,12150
2021,12/15/2021,9750,10150,11150,11350,12200,12100
2021,12/16/2021,9750,10150,11150,11350,12200,12100
2021,12/17/2021,9650,10000,11250,11400,12200,12100
2021,12/20/2021,9700,10000,11200,11400,12200,12100
2021,12/21/2021,9700,10000,11200,11400,12200,12100
2021,12/22/2021,9700,10000,11200,11400,12200,12100
2021,12/23/2021,9700,10000,11200,11400,12200,12100
2021,12/24/2021,9700,10000,11200,11400,12200,12100
2021,12/27/2021,9750,10050,11200,11400,12200,12100
2021,12/28/2021,9750,10000,11200,11400,12200,12100
2021,12/29/2021,9750,10050,11200,11400,12200,12100
2021,12/30/2021,9750,10050,11200,11450,12200,12100
2021,12/31/2021,9750,10050,11250,11450,12250,12100
2022,1/3/2022,9750,10050,11250,11450,12250,12100
2022,1/4/2022,9750,10050,11250,11450,12250,12100
2022,1/5/2022,9750,10050,11250,11450,12250,12100
2022,1/6/2022,9750,10050,11250,11450,12250,12100
2022,1/7/2022,9750,10050,11250,11450,12250,12100
2022,1/10/2022,9750,10050,11250,11450,12250,12100
2022,1/11/2022,9750,10050,11250,11450,12250,12100
2022,1/12/2022,9750,10100,11250,11450,12250,12100
2022,1/13/2022,9800,10150,11300,11450,12300,12150
2022,1/14/2022,9800,10150,11300,11450,12300,12150
2022,1/17/2022,9800,10150,11300,11450,12300,12150
2022,1/18/2022,9800,10150,11300,11450,12300,12150
2022,1/19/2022,9800,10150,11300,11450,12300,12150
2022,1/20/2022,9800,10150,11300,11450,12300,12150
2022,1/21/2022,9800,10150,11300,11450,12300,12150
2022,1/24/2022,9800,10150,11300,11450,12300,12150
2022,1/25/2022,9800,10150,11300,11450,12300,12150
2022,1/26/2022,9800,10150,11300,11450,12300,12150
2022,1/27/2022,9850,10150,11300,11450,12300,12200
2022,1/28/2022,9850,10150,11300,11450,12300,12200
2022,1/31/2022,9850,10200,11300,11450,12300,12200
2022,2/2/2022,9850,10200,11300,11450,12300,12200
2022,2/3/2022,9850,10200,11300,11450,12300,12250
2022,2/4/2022,9850,10200,11300,11450,12300,12250
2022,2/7/2022,9850,10200,11300,11450,12300,12250
2022,2/8/2022,9850,10200,11300,11450,12300,12250
2022,2/9/2022,9850,10200,11300,11450,12300,12250
2022,2/10/2022,9850,10200,11300,11450,12300,12250
2022,2/11/2022,9850,10200,11300,11450,12300,12250
2022,2/14/2022,9850,10200,11300,11450,12300,12250
2022,2/15/2022,9850,10200,11300,11450,12300,12250
2022,2/16/2022,9850,10200,11300,11450,12300,12250
2022,2/17/2022,9850,10200,11300,11450,12300,12250
2022,2/18/2022,9850,10200,11300,11450,12300,12250
2022,2/21/2022,9850,10200,11300,11450,12300,12250
2022,2/22/2022,9850,10200,11300,11450,12300,12250
2022,2/23/2022,9850,10200,11300,11450,12300,12250
2022,2/24/2022,9850,10200,11300,11450,12300,12250
2022,2/25/2022,9850,10200,11300,11450,12300,12250
2022,3/1/2022,9850,10200,11300,11450,12300,12250
2022,3/2/2022,9850,10200,11300,11500,12300,12250
2022,3/4/2022,9850,10200,11300,11500,12300,12250
2022,3/7/2022,9850,10200,11300,11500,12300,12250
2022,3/8/2022,9800,10200,11300,11450,12300,12300
2022,3/9/2022,9800,10200,11300,11450,12300,12300
2022,3/10/2022,9800,10200,11300,11450,12300,12300
2022,3/11/2022,9800,10200,11300,11450,12300,12300
2022,3/14/2022,9800,10200,11300,11450,12300,12300
2022,3/15/2022,9800,10200,11300,11450,12300,12300
2022,3/16/2022,9800,10200,11300,11450,12300,12300
2022,3/17/2022,9800,10200,11300,11500,12300,12300
2022,3/18/2022,9800,10200,11300,11500,12300,12300
2022,3/21/2022,9800,10200,11300,11500,12300,12350
2022,3/22/2022,9800,10200,11300,11500,12300,12350
2022,3/23/2022,9800,10200,11300,11500,12300,12350
2022,3/24/2022,9800,10200,11300,11500,12300,12350
2022,3/25/2022,9800,10200,11300,11500,12300,12350
2022,3/28/2022,9800,10200,11300,11500,12300,12350
2022,3/29/2022,9800,10200,11300,11500,12300,12350
2022,3/30/2022,9800,10200,11300,11500,12300,12350
2022,3/31/2022,9800,10200,11300,11550,12300,12350
2022,4/1/2022,9800,10200,11300,11550,12300,12350
2022,4/4/2022,9800,10200,11300,11550,12300,12300
2022,4/5/2022,9800,10200,11300,11550,12300,12300
2022,4/6/2022,9800,10200,11300,11550,12300,12300
2022,4/7/2022,9800,10200,11300,11500,12300,12300
2022,4/8/2022,9800,10200,11300,11500,12300,12300
2022,4/11/2022,9800,10200,11300,11500,12300,12300
2022,4/12/2022,9800,10200,11300,11500,12300,12300
2022,4/13/2022,9800,10200,11300,11500,12300,12300
2022,4/14/2022,9800,10200,11300,11500,12300,12300
2022,4/18/2022,9800,10200,11300,11500,12300,12300
2022,4/19/2022,9800,10200,11300,11500,12300,12300
2022,4/20/2022,9800,10200,11300,11500,12350,12250
2022,4/21/2022,9800,10200,11300,11550,12350,12250
2022,4/22/2022,9800,10200,11300,11550,12350,12250
2022,4/25/2022,9800,10200,11300,11550,12350,12250
2022,4/26/2022,9800,10200,11300,11550,12350,12250
2022,4/27/2022,9800,10200,11300,11550,12350,12250
2022,4/28/2022,9800,10250,11300,11550,12350,12300
2022,5/9/2022,9800,10200,11300,11550,12300,12250
2022,5/10/2022,9800,10200,11300,11550,12300,12250
2022,5/11/2022,9800,10200,11300,11550,12300,12300
2022,5/12/2022,9800,10200,11300,11550,12300,12300
2022,5/13/2022,9800,10200,11300,11550,12300,12300
2022,5/17/2022,9800,10200,11300,11550,12300,12300
2022,5/18/2022,9800,10200,11300,11550,12300,12300
2022,5/19/2022,9800,10200,11300,11550,12300,12300
2022,5/20/2022,9800,10200,11300,11550,12300,12300
2022,5/23/2022,9800,10200,11300,11550,12300,12300
2022,5/24/2022,9800,10200,11300,11550,12300,12300
2022,5/25/2022,9800,10200,11300,11550,12300,12300
2022,5/27/2022,9800,10200,11300,11550,12300,12300
2022,5/30/2022,9800,10200,11300,11550,12300,12300
2022,5/31/2022,9800,10200,11300,11550,12300,12300
2022,6/2/2022,9800,10200,11300,11550,12300,12300
2022,6/3/2022,9800,10200,11300,11550,12300,12300
2022,6/6/2022,9800,10200,11300,11550,12300,12300
2022,6/7/2022,9800,10200,11300,11550,12300,12300
2022,6/8/2022,9800,10200,11300,11550,12300,12300
2022,6/9/2022,9800,10200,11300,11550,12300,12300
2022,6/10/2022,9800,10200,11300,11550,12300,12300
2022,6/13/2022,9800,10200,11300,11550,12300,12300
2022,6/14/2022,9800,10200,11300,11550,12300,12250
2022,6/15/2022,9800,10200,11300,11550,12300,12250
2022,6/16/2022,9800,10200,11300,11550,12300,12250
2022,6/17/2022,9800,10200,11300,11550,12300,12250
2022,6/20/2022,9800,10200,11300,11550,12300,12250
2022,6/21/2022,9800,10200,11300,11550,12300,12250
2022,6/22/2022,9800,10200,11300,11550,12300,12250
2022,6/23/2022,9800,10200,11300,11500,12300,12250
2022,6/24/2022,9800,10200,11300,11500,12300,12250
2022,6/27/2022,9850,10250,11350,11450,12250,12100
2022,6/28/2022,9850,10250,11350,11450,12250,12100
2022,6/29/2022,9900,10250,11350,11450,12250,12150
2022,6/30/2022,9900,10250,11350,11450,12250,12150
2022,7/1/2022,9900,10250,11350,11450,12250,12150
2022,7/4/2022,9900,10250,11350,11450,12250,12150
2022,7/5/2022,9900,10250,11350,11450,12250,12150
2022,7/6/2022,9900,10250,11350,11450,12250,12150
2022,7/7/2022,9900,10250,11350,11450,12250,12150
2022,7/8/2022,9900,10250,11350,11450,12250,12150
2022,7/11/2022,9900,10250,11350,11450,12250,12150
2022,7/12/2022,9900,10250,11350,11450,12250,12150
2022,7/13/2022,9900,10250,11350,11450,12250,12150
2022,7/14/2022,9900,10250,11350,11450,12250,12150
2022,7/15/2022,9900,10250,11350,11450,12250,12150
2022,7/18/2022,9900,10250,11350,11450,12250,12150
2022,7/19/2022,9900,10250,11350,11450,12250,12150
2022,7/20/2022,10000,10150,11150,11450,12050,12400
2022,7/21/2022,9900,10250,11350,11450,12250,12150
2022,7/22/2022,9850,10250,11350,11500,12250,12150
2022,7/25/2022,9850,10250,11350,11500,12250,12150
2022,7/26/2022,9850,10250,11350,11500,12250,12150
2022,7/27/2022,9850,10250,11350,11500,12250,12150
2022,7/28/2022,9850,10250,11350,11500,12250,12150
2022,7/29/2022,9850,10250,11350,11500,12250,12150
2022,8/1/2022,9850,10300,11350,11500,12250,12200
2022,8/2/2022,9850,10300,11350,11500,12250,12200
2022,8/3/2022,9850,10350,11350,11500,12250,12200
2022,8/4/2022,9900,10350,11350,11550,12250,12200
2022,8/5/2022,9900,10350,11350,11550,12250,12200
2022,8/8/2022,9900,10400,11400,11550,12250,12250
2022,8/9/2022,9900,10400,11400,11550,12250,12250
2022,8/10/2022,9900,10400,11400,11550,12250,12250
2022,8/11/2022,9900,10400,11400,11550,12300,12250
2022,8/12/2022,9900,10400,11400,11550,12300,12250
2022,8/15/2022,9900,10400,11400,11550,12300,12250
2022,8/16/2022,9900,10400,11400,11550,12300,12300
2022,8/18/2022,9900,10400,11400,11550,12300,12300
2022,8/19/2022,9900,10400,11400,11550,12300,12300
2022,8/22/2022,9900,10400,11400,11550,12300,12400
2022,8/23/2022,9900,10400,11400,11550,12300,12400
2022,8/24/2022,9900,10400,11400,11550,12300,12400
2022,8/25/2022,9900,10400,11400,11550,12300,12400
2022,8/26/2022,9900,10400,11400,11550,12300,12400
2022,8/29/2022,9950,10500,11400,11600,12300,12400
2022,8/30/2022,9950,10550,11450,11600,12350,12500
2022,8/31/2022,9950,10550,11450,11600,12350,12500
2022,9/1/2022,9950,10550,11450,11600,12350,12500
2022,9/2/2022,9950,10550,11450,11600,12350,12500
2022,9/5/2022,10050,10650,11600,11650,12450,12500
2022,9/6/2022,10050,10650,11600,11650,12450,12500
2022,9/7/2022,10050,10700,11600,11650,12450,12500
2022,9/8/2022,10050,10700,11600,11650,12450,12600
2022,9/9/2022,10050,10700,11600,11650,12450,12650
2022,9/12/2022,10100,10750,11700,11750,12500,12700
2022,9/13/2022,10100,10750,11700,11750,12500,12700
2022,9/14/2022,10100,10750,11700,11750,12500,12700
2022,9/15/2022,10100,10750,11700,11750,12500,12700
2022,9/16/2022,10100,10750,11700,11750,12500,12700
2022,9/19/2022,10050,10750,11750,11750,12500,12700
2022,9/20/2022,10100,10800,11800,11800,12550,12800
2022,9/21/2022,10100,10800,11800,11800,12550,12800
2022,9/22/2022,10100,10800,11800,11800,12550,12800
2022,9/23/2022,10100,10800,11800,11800,12550,12800
2022,9/26/2022,10100,10800,11800,11850,12550,12750
2022,9/27/2022,10100,10800,11800,11850,12550,12750
2022,9/28/2022,10100,10800,11800,11850,12550,12750
2022,9/29/2022,10100,10800,11800,11850,12550,12750
2022,9/30/2022,10100,10800,11800,11850,12550,12750
2022,10/3/2022,10300,10850,11800,11900,12550,12700
2022,10/4/2022,10250,10800,11800,11850,12550,12700
2022,10/5/2022,10250,10800,11800,11850,12550,12700
2022,10/6/2022,10300,10800,11800,11850,12550,12700
2022,10/7/2022,10250,10800,11800,11900,12550,12700
2022,10/10/2022,10300,10850,11850,11950,12650,12750
2022,10/11/2022,10300,10850,11850,11950,12650,12750
2022,10/12/2022,10300,10850,11850,11950,12650,12750
2022,10/13/2022,10300,10850,11850,11950,12650,12750
2022,10/14/2022,10300,10850,11850,11950,12650,12750
2022,10/17/2022,10250,10800,11750,11950,12600,12700
2022,10/18/2022,10250,10800,11750,11950,12600,12700
2022,10/19/2022,10250,10800,11750,11950,12600,12700
2022,10/20/2022,10250,10800,11750,11950,12600,12700
2022,10/21/2022,10250,10800,11750,11950,12600,12700
2022,10/24/2022,10250,10800,11750,11950,12600,12700
2022,10/25/2022,10250,10800,11750,11950,12600,12700
2022,10/26/2022,10250,10800,11750,11950,12600,12700
2022,10/27/2022,10250,10800,11750,11950,12600,12700
2022,10/28/2022,10250,10800,11750,11950,12600,12700
2022,10/31/2022,10250,10750,11750,11950,12600,12700
2022,11/1/2022,10250,10750,11750,11950,12600,12700
2022,11/2/2022,10250,10750,11750,11950,12600,12700
2022,11/3/2022,10250,10750,11750,11950,12600,12700
2022,11/4/2022,10250,10750,11750,11950,12600,12700
2022,11/7/2022,10300,10800,11800,12000,12700,12750
2022,11/8/2022,10300,10800,11800,12000,12700,12750
2022,11/9/2022,10300,10800,11800,12000,12700,12750
2022,11/10/2022,10300,10800,11800,12000,12700,12750
2022,11/11/2022,10300,10800,11800,12000,12700,12750
2022,11/14/2022,10300,10850,11900,12000,12650,12750
2022,11/15/2022,10300,10850,11900,12000,12650,12750
2022,11/16/2022,10300,10850,11900,12000,12650,12750
2022,11/17/2022,10300,10850,11900,12000,12650,12750
2022,11/18/2022,10300,10850,11900,12000,12650,12750
2022,11/21/2022,10300,10850,11900,12000,12650,12750
2022,11/22/2022,10300,10850,11900,12000,12650,12750
2022,11/23/2022,10300,10850,11900,12000,12650,12750
2022,11/24/2022,10300,10850,11900,12000,12650,12750
2022,11/25/2022,10300,10850,11900,12000,12650,12750
2022,11/28/2022,10300,10850,11900,12000,12650,12750
2022,11/29/2022,10300,10850,11900,12000,12600,12750
2022,11/30/2022,10300,10850,11900,12000,12600,12750
2022,12/1/2022,10300,10850,11900,12000,12600,12750
2022,12/2/2022,10300,10850,11900,12000,12600,12750
2022,12/5/2022,10300,10850,11900,12000,12600,12750
2022,12/6/2022,10300,10850,11900,12000,12600,12750
2022,12/7/2022,10300,10850,11900,12000,12600,12750
2022,12/8/2022,10300,10900,11950,12000,12600,12800
2022,12/9/2022,10300,10900,11950,12000,12600,12800
2022,12/12/2022,10350,10950,11950,12050,12650,12800
2022,12/13/2022,10350,10950,11950,12050,12650,12800
2022,12/14/2022,10350,11000,12000,12100,12700,12850
2022,12/15/2022,10350,11000,12000,12100,12700,12850
2022,12/16/2022,10350,11000,12000,12100,12700,12850
2022,12/19/2022,10400,11050,12050,12100,12700,12900
2022,12/20/2022,10400,11050,12000,12100,12750,12900
2022,12/21/2022,10450,11100,12050,12150,12800,12950
2022,12/22/2022,10650,11000,11850,12200,12700,13100
2022,12/23/2022,10450,11100,12050,12150,12800,12950
2022,12/26/2022,10450,11100,12050,12150,12800,12950
2022,12/27/2022,10450,11100,12050,12150,12800,12950
2022,12/28/2022,10500,11100,12050,12150,12800,12950
2022,12/29/2022,10500,11100,12050,12150,12800,12950
2022,12/30/2022,10500,11100,12050,12150,12800,12950
2023,1/2/2023,10450,11100,12050,12150,12800,12950
2023,1/3/2023,10450,11100,12050,12150,12800,12950
2023,1/4/2023,10450,11100,12050,12150,12800,12950
2023,1/5/2023,10450,11100,12050,12150,12800,12950
2023,1/6/2023,10500,11100,12050,12150,12800,12950
2023,1/9/2023,10500,11150,12100,12200,12800,13050
2023,1/10/2023,10550,11150,12100,12250,12850,13050
2023,1/11/2023,10550,11150,12100,12250,12850,13050
2023,1/12/2023,10600,11200,12100,12250,12850,13050
2023,1/13/2023,10600,11200,12100,12250,12850,13050
2023,1/16/2023,10700,11400,12250,12450,13050,13300
2023,1/17/2023,10800,11600,12400,12600,13200,13450
2023,1/18/2023,10800,11600,12400,12600,13200,13450
2023,1/19/2023,10800,11600,12450,12600,13200,13500
2023,1/20/2023,10900,11650,12450,12700,13200,13500
2023,1/23/2023,10900,11650,12450,12700,13200,13500
2023,1/24/2023,10950,11700,12450,12750,13300,13550
2023,1/25/2023,11000,11750,12550,12800,13350,13650
2023,1/26/2023,11000,11800,12550,12800,13400,13650
2023,1/27/2023,11050,11800,12550,12850,13400,13650
2023,1/30/2023,11100,11900,12700,12950,13400,13650
2023,1/31/2023,11200,12050,12750,13000,13450,13750
2023,2/1/2023,11200,12050,12750,13000,13450,13750
2023,2/2/2023,11200,12050,12750,13000,13450,13750
2023,2/3/2023,11200,12050,12750,13000,13450,13750
2023,2/6/2023,11200,12050,12750,13000,13450,13700
2023,2/7/2023,11100,11950,12750,13000,13450,13700
2023,2/8/2023,11050,11900,12750,13000,13450,13700
2023,2/9/2023,11050,11900,12750,13000,13450,13700
2023,2/10/2023,11050,11900,12800,13000,13450,13700
2023,2/13/2023,11150,12050,12850,13100,13550,13800
2023,2/14/2023,11150,12050,12850,13100,13550,13800
2023,2/15/2023,11150,12050,12850,13100,13550,13800
2023,2/16/2023,11150,12050,12850,13100,13550,13800
2023,2/17/2023,11150,12050,12850,13100,13550,13800
2023,2/20/2023,11150,12050,12850,13100,13550,13800
2023,2/21/2023,11150,12000,12850,13100,13550,13800
2023,2/22/2023,11150,12000,12850,13100,13550,13800
2023,2/23/2023,11150,12000,12850,13100,13550,13800
2023,2/24/2023,11150,12000,12850,13100,13550,13800
2023,2/27/2023,10950,11750,12650,12950,13500,13800
2023,2/28/2023,10950,11750,12650,12950,13500,13800
2023,3/1/2023,10950,11750,12650,12950,13500,13800
2023,3/2/2023,10950,11750,12650,12950,13500,13800
2023,3/3/2023,10950,11750,12650,12950,13500,13750
2023,3/6/2023,10950,11750,12650,12950,13500,13750
2023,3/7/2023,10950,11750,12650,12950,13450,13750
2023,3/8/2023,10950,11750,12650,12950,13450,13750
2023,3/9/2023,10950,11700,12650,12950,13400,13700
2023,3/10/2023,10950,11700,12650,12950,13400,13700
2023,3/13/2023,10900,11700,12650,12950,13400,13700
2023,3/14/2023,10900,11700,12650,12950,13400,13700
2023,3/15/2023,10950,11750,12600,12950,13400,13700
2023,3/16/2023,10950,11750,12600,12950,13400,13700
2023,3/17/2023,10950,11750,12600,12950,13400,13700
2023,3/20/2023,10950,11750,12600,12900,13400,13700
2023,3/21/2023,10950,11750,12600,12900,13400,13700
2023,3/22/2023,10950,11750,12600,12900,13400,13700
2023,3/23/2023,10950,11750,12600,12900,13400,13700
2023,3/24/2023,10950,11750,12600,12900,13400,13700
2023,3/27/2023,10950,11750,12600,12900,13400,13700
2023,3/28/2023,10950,11750,12600,12900,13400,13700
2023,3/29/2023,11000,11750,12600,12900,13400,13700
2023,3/30/2023,11000,11750,12600,12900,13400,13700
2023,3/31/2023,11000,11750,12600,12900,13400,13700
2023,4/3/2023,11000,11750,12600,12900,13400,13700
2023,4/4/2023,11000,11750,12600,12900,13400,13700
2023,4/5/2023,11000,11750,12600,12900,13400,13700
2023,4/6/2023,11000,11700,12600,12900,13400,13700
2023,4/7/2023,11100,12100,12650,13150,13400,13850
2023,4/10/2023,11000,11700,12600,12900,13400,13700
2023,4/11/2023,11000,11700,12600,12900,13400,13700
2023,4/12/2023,11000,11700,12600,12900,13400,13700
2023,4/13/2023,11000,11700,12600,12900,13400,13700
2023,4/14/2023,11000,11700,12600,12900,13400,13700
2023,4/17/2023,10950,11700,12600,12900,13400,13700
2023,4/18/2023,10950,11700,12600,12900,13400,13800
2023,4/19/2023,11250,11600,12500,13100,13450,13950
2023,4/20/2023,11250,11600,12500,13100,13450,13950
2023,4/21/2023,11450,12100,12500,13450,13350,14200
2023,4/24/2023,11250,11600,12500,13100,13450,13950
2023,4/25/2023,11250,11600,12500,13100,13450,13950
2023,4/26/2023,10950,11700,12600,12900,13400,13800
2023,4/27/2023,11000,11750,12650,12950,13400,13800
2023,4/28/2023,11000,11750,12650,12950,13400,13800
2023,5/1/2023,11550,12150,12500,13450,13350,14200
2023,5/2/2023,11050,11800,12700,13000,13450,13750
2023,5/3/2023,11050,11800,12700,13000,13450,13750
2023,5/4/2023,11050,11800,12700,13000,13450,13750
2023,5/5/2023,11050,11800,12700,13000,13450,13750
2023,5/8/2023,11000,11750,12650,12950,13400,13800
2023,5/9/2023,11000,11750,12650,12950,13400,13800
2023,5/10/2023,11000,11750,12650,12950,13400,13800
2023,5/11/2023,11000,11750,12650,12950,13400,13800
2023,5/12/2023,11000,11750,12650,12950,13400,13800
2023,5/15/2023,11000,11750,12650,12950,13400,13800
2023,5/16/2023,11000,11750,12650,12950,13400,13800
2023,5/17/2023,11000,11750,12650,12950,13400,13800
2023,5/18/2023,11000,11750,12650,12950,13400,13800
2023,5/19/2023,11050,11750,12650,12900,13450,13850
2023,5/22/2023,11050,11800,12650,12950,13450,13900
2023,5/23/2023,11050,11800,12650,12950,13450,13900
2023,5/24/2023,11150,11750,12600,12950,13500,13800
2023,5/25/2023,11150,11750,12600,12950,13500,13800
2023,5/26/2023,11150,11750,12600,12950,13500,13800
2023,5/29/2023,11150,11750,12600,12950,13500,13800
2023,5/30/2023,11150,11750,12600,12950,13500,13800
2023,5/31/2023,11150,11750,12600,12950,13500,13800
2023,6/1/2023,11350,11700,12550,13100,13500,14050
2023,6/2/2023,11350,11700,12550,13100,13500,14050
2023,6/5/2023,11200,11750,12650,13000,13450,13750
2023,6/6/2023,11150,11750,12600,12950,13450,13700
2023,6/7/2023,11150,11750,12600,12950,13450,13700
2023,6/8/2023,11150,11750,12600,12950,13450,13700
2023,6/9/2023,11150,11750,12600,12950,13450,13700
2023,6/12/2023,11100,11750,12600,13000,13450,13700
2023,6/13/2023,11100,11750,12600,12950,13450,13700
2023,6/14/2023,11100,11750,12600,12950,13450,13700
2023,6/15/2023,11100,11750,12600,12950,13450,13700
2023,6/16/2023,11100,11750,12600,12950,13450,13700
2023,6/19/2023,11100,11750,12600,12950,13450,13700
2023,6/20/2023,11100,11750,12600,12950,13450,13700
2023,6/21/2023,11100,11750,12600,12950,13450,13700
2023,6/22/2023,11100,11750,12600,12950,13450,13700
2023,6/23/2023,11100,11750,12600,12950,13450,13700
2023,6/26/2023,11100,11750,12600,12950,13450,13700
2023,6/27/2023,11100,11750,12600,12950,13450,13700
2023,6/28/2023,11250,11700,12550,13100,13450,13850
2023,6/29/2023,11250,11700,12550,13100,13450,13850
2023,6/30/2023,11250,11700,12550,13100,13450,13850
2023,7/3/2023,11100,11750,12600,12950,13450,13700
2023,7/4/2023,11100,11750,12600,12950,13450,13700
2023,7/5/2023,11100,11750,12600,12950,13450,13700
2023,7/6/2023,11100,11750,12600,12950,13450,13700
2023,7/7/2023,11100,11750,12600,12950,13450,13700
2023,7/10/2023,11100,11750,12600,12950,13450,13700
2023,7/11/2023,11100,11750,12600,12950,13450,13700
2023,7/12/2023,11100,11750,12600,12950,13450,13700
2023,7/13/2023,11100,11750,12600,12950,13450,13700
2023,7/14/2023,11000,11750,12650,12950,13450,13700
2023,7/17/2023,11000,11750,12650,12950,13450,13700
2023,7/18/2023,11000,11750,12650,12950,13450,13700
2023,7/19/2023,11350,12150,12600,13450,13350,14150
2023,7/20/2023,11000,11750,12650,12950,13450,13750
2023,7/21/2023,11000,11750,12650,12950,13450,13750
2023,7/24/2023,11050,11750,12700,13000,13450,13750
2023,7/25/2023,11050,11750,12700,13000,13450,13750
2023,7/26/2023,11050,11750,12700,13000,13450,13750
2023,7/27/2023,11050,11700,12650,12950,13400,13700
2023,7/28/2023,11050,11700,12650,12950,13400,13700
2023,7/31/2023,11050,11750,12650,12950,13400,13700
2023,8/1/2023,11050,11750,12650,12950,13400,13700
2023,8/2/2023,11050,11750,12650,12950,13400,13700
2023,8/3/2023,11050,11750,12650,12950,13400,13700
2023,8/4/2023,11050,11750,12650,12950,13400,13700
2023,8/7/2023,11050,11750,12650,12950,13400,13700
2023,8/8/2023,11100,11750,12650,12950,13450,13750
2023,8/9/2023,11100,11750,12700,13000,13450,13800
2023,8/10/2023,11100,11750,12700,13000,13450,13800
2023,8/11/2023,11100,11750,12700,13000,13450,13800
2023,8/14/2023,11100,11750,12700,13000,13450,13800
2023,8/15/2023,11100,11750,12700,13000,13450,13800
2023,8/16/2023,11150,11800,12700,13050,13500,13800
2023,8/17/2023,11150,11650,12600,13100,13400,13900
2023,8/18/2023,11150,11800,12750,13050,13600,13850
2023,8/21/2023,11200,11850,12800,13050,13600,13850
2023,8/22/2023,11200,11850,12800,13050,13600,13850
2023,8/23/2023,11200,11900,12800,13050,13600,13850
2023,8/24/2023,11200,11900,15800,13050,13600,13850
2023,8/25/2023,11200,11900,12700,13050,13600,13850
2023,8/28/2023,11300,11950,12850,13150,13650,13950
2023,8/29/2023,11300,11950,12850,13150,13650,13950
2023,8/30/2023,11450,12000,12900,13150,13650,13950
2023,8/31/2023,11450,12000,13000,13250,13700,14000
2023,9/1/2023,11450,12000,13000,13250,13750,14000
2023,9/4/2023,11500,12100,13000,13250,13750,14050
2023,9/5/2023,11500,12100,13000,13250,13750,14050
2023,9/6/2023,11500,12100,13000,13250,13750,14050
2023,9/7/2023,11500,12100,13000,13300,13800,14100
2023,9/8/2023,11500,12100,13050,13300,13800,14100
2023,9/11/2023,11500,12100,13050,13300,13850,14200
2023,9/12/2023,11650,12300,13200,13450,14000,14400
2023,9/13/2023,11650,12300,13200,13450,14000,14400
2023,9/14/2023,11650,12300,13200,13450,14000,14400
2023,9/15/2023,11650,12300,13250,13500,14000,14400
2023,9/18/2023,11650,12300,13250,13500,14000,14400
2023,9/19/2023,11700,12300,13300,13550,14050,14450
2023,9/20/2023,11700,12300,13300,13550,14000,14450
2023,9/21/2023,11650,12250,13250,13550,13950,14400
2023,9/22/2023,11700,12350,13300,13550,14000,14400
2023,9/25/2023,11700,12350,13300,13550,14000,14400
2023,9/26/2023,11700,12350,13300,13550,14000,14400
2023,9/27/2023,11700,12350,13300,13550,13950,14350
2023,9/28/2023,11750,12150,13300,13700,14000,14550
2023,9/29/2023,11700,12350,13300,13550,13950,14350
2023,10/2/2023,11800,12450,13350,13600,14000,14400
2023,10/3/2023,11800,12450,13350,13550,14000,14400
2023,10/4/2023,11800,12450,13350,13550,14000,14400
2023,10/5/2023,11800,12450,13350,13550,14000,14400
2023,10/6/2023,11800,12450,13350,13550,14000,14400
2023,10/9/2023,11750,12450,13350,13550,14000,14500
2023,10/10/2023,11750,12450,13350,13550,14000,14500
2023,10/11/2023,11750,12450,13350,13550,14000,14500
2023,10/12/2023,11750,12450,13350,13550,14000,14500
2023,10/13/2023,11750,12450,13350,13550,14000,14500
2023,10/16/2023,11750,12450,13350,13550,14000,14500
2023,10/17/2023,11750,12450,13350,13550,14000,14500
2023,10/18/2023,11750,12450,13400,13650,14050,14400
2023,10/19/2023,11750,12450,13400,13650,14050,14400
2023,10/20/2023,11750,12450,13400,13650,14050,14400
2023,10/23/2023,11750,12450,13400,13650,14050,14400
2023,10/24/2023,11750,12450,13400,13650,14050,14400
2023,10/25/2023,11750,12450,13400,13650,14050,14400
2023,10/26/2023,11850,12550,13450,13650,14100,14400
2023,10/27/2023,11850,12550,13450,13650,14100,14400
2023,10/30/2023,11850,12550,13450,13650,14100,14400
2023,10/31/2023,11850,12550,13450,13650,14100,14400
2023,11/1/2023,11850,12550,13450,13650,14100,14400
2023,11/2/2023,11850,12550,13450,13650,14100,14400
2023,11/3/2023,11850,12550,13450,13650,14100,14400
2023,11/6/2023,11850,12550,13450,13650,14100,14400
2023,11/7/2023,11850,12550,13450,13650,14100,14400
2023,11/8/2023,11850,12550,13450,13650,14100,14400
2023,11/9/2023,11850,12550,13450,13650,14100,14400
2023,11/10/2023,11850,12550,13450,13650,14100,14400
2023,11/13/2023,11850,12550,13450,13650,14100,14400
2023,11/14/2023,11850,12550,13450,13650,14100,14400
2023,11/15/2023,11850,12550,13450,13650,14100,14400
2023,11/16/2023,11850,12550,13450,13650,14100,14400
2023,11/17/2023,11850,12550,13450,13650,14100,14400
2023,11/20/2023,11850,12550,13450,13650,14100,14400
2023,11/21/2023,11850,12550,13450,13650,14100,14400
2023,11/22/2023,11850,12550,13450,13650,14100,14400
2023,11/23/2023,11850,12550,13450,13650,14100,14400
2023,11/24/2023,11850,12550,13450,13650,14100,14400
2023,11/27/2023,11850,12550,13450,13650,14100,14400
2023,11/28/2023,11850,12550,13450,13650,14100,14400
2023,11/29/2023,11850,12550,13450,13650,14100,14400
2023,11/30/2023,11850,12550,13450,13650,14100,14400
2023,12/1/2023,11850,12550,13500,13750,14150,14450
2023,12/4/2023,11850,12550,13500,13750,14150,14450
2023,12/5/2023,11850,12550,13550,13750,14150,14500
2023,12/6/2023,11850,12550,13550,13750,14150,14500
2023,12/7/2023,11850,12550,13550,13750,14150,14500
2023,12/8/2023,11850,12550,13550,13750,14150,14500
2023,12/11/2023,11850,12550,13550,13750,14150,14500
2023,12/12/2023,11850,12550,13550,13750,14150,14500
2023,12/13/2023,11850,12550,13550,13750,14150,14500
2023,12/14/2023,11850,12550,13550,13750,14150,14500
2023,12/15/2023,11850,12550,13550,13750,14150,14500
2023,12/18/2023,11850,12550,13550,13750,14150,14500
2023,12/19/2023,11850,12550,13550,13750,14150,14500
2023,12/20/2023,11850,12550,13550,13750,14150,14500
2023,12/21/2023,11850,12550,13550,13750,14150,14500
2023,12/22/2023,11850,12550,13550,13750,14150,14500
2023,12/27/2023,11850,12550,13550,13750,14150,14500
2023,12/28/2023,11850,12550,13550,13750,14150,14500
2023,12/29/2023,11850,12550,13550,13750,14150,14500
2024,1/1/2024,11850,12550,13550,13750,14150,14500
2024,1/2/2024,11850,12550,13550,13750,14150,14500
2024,1/3/2024,11850,12600,13550,13750,14150,14500
2024,1/4/2024,11900,12600,13700,13800,14250,14550
2024,1/5/2024,11900,12600,13700,13850,14300,14550
2024,1/8/2024,11950,12650,13700,13850,14300,14550
2024,1/9/2024,11950,12650,13700,13850,14300,14550
2024,1/10/2024,11950,12650,13700,13850,14300,14550
2024,1/11/2024,11950,12650,13700,13850,14300,14550
2024,1/12/2024,11950,12650,13700,13850,14300,14550
2024,1/15/2024,11950,12650,13700,13850,14300,14550
2024,1/16/2024,11950,12650,13700,13850,14300,14550
2024,1/17/2024,11950,12650,13700,13850,14300,14550
2024,1/18/2024,11950,12650,13700,13850,14300,14550
2024,1/19/2024,11950,12650,13700,13850,14300,14550
2024,1/22/2024,11950,12650,13700,13850,14300,14550
2024,1/23/2024,11950,12650,13700,13850,14300,14550
2024,1/24/2024,11950,12650,13800,13900,14400,14700
2024,1/25/2024,11950,12650,13800,13900,14400,14700
2024,1/26/2024,11950,12650,13800,13900,14400,14700
2024,1/29/2024,11950,12650,13750,13900,14400,14700
2024,1/30/2024,12100,12750,13900,14000,14500,14850
2024,1/31/2024,12100,12750,13900,14000,14500,14850
2024,2/1/2024,12100,12750,13900,14000,14500,14850
2024,2/2/2024,12100,12750,13900,14000,14500,14850
2024,2/5/2024,12100,12750,13900,14000,14500,14850
2024,2/6/2024,12100,12750,13900,14000,14500,14850
2024,2/7/2024,12100,12750,13900,14000,14500,14850
2024,2/8/2024,12100,12750,13900,14000,14500,14850
2024,2/9/2024,12100,12750,13900,14000,14500,14850
2024,2/12/2024,12000,12750,13900,13950,14500,14850
2024,2/13/2024,12000,12750,13900,13950,14500,14850
2024,2/14/2024,12000,12750,13900,13950,14500,14850
2024,2/15/2024,12000,12750,13900,13950,14500,14850
2024,2/16/2024,12000,12800,13950,14050,14500,14900
2024,2/19/2024,12150,12900,14000,14100,14650,14950
2024,2/20/2024,12150,12900,14000,14100,14650,14950
2024,2/21/2024,12150,12900,14000,14100,14650,14950
2024,2/22/2024,12150,12900,14000,14100,14650,14950
2024,2/23/2024,12150,12900,13950,14100,14650,14950
2024,2/26/2024,12150,12900,13950,14100,14650,14950
2024,2/27/2024,12150,12900,13950,14100,14650,14950
2024,2/28/2024,12150,12900,13950,14100,14650,14950
2024,2/29/2024,12150,12900,13950,14100,14650,14950
2024,3/1/2024,12150,12900,13950,14100,14650,14950
2024,3/4/2024,12150,12900,13950,14100,14650,14950
2024,3/5/2024,12150,12900,13950,14100,14650,14950
2024,3/6/2024,12150,12900,14000,14150,14700,15000
2024,3/7/2024,12150,12900,14000,14150,14700,15000
2024,3/8/2024,12150,12900,14000,14150,14700,15000
2024,3/11/2024,12150,12900,14000,14150,14700,15000
2024,3/12/2024,12150,12900,14000,14150,14700,15000
2024,3/13/2024,12150,12900,14000,14150,14700,15000
2024,3/14/2024,12150,12900,14000,14150,14700,15000
2024,3/15/2024,12150,12900,14000,14150,14700,15000
2024,3/18/2024,12150,12900,14000,14100,14700,15000
2024,3/19/2024,12150,12900,14000,14100,14700,15000
2024,3/20/2024,12150,12900,14000,14100,14700,15000
2024,3/21/2024,12150,12900,14000,14100,14700,15000
2024,3/22/2024,12150,12900,14000,14100,14700,15000
2024,3/25/2024,12150,12900,14000,14100,14700,15000
2024,3/26/2024,12150,12900,14000,14100,14700,15000
2024,3/27/2024,12150,12900,14000,14100,14700,15000
2024,3/28/2024,12200,12900,14000,14100,14650,14950
2024,3/29/2024,12200,12900,14000,14100,14650,14950
2024,4/1/2024,12200,12900,14000,14100,14650,14950
2024,4/2/2024,12200,12900,14000,14100,14650,14950
2024,4/3/2024,12200,12900,14000,14100,14650,14950
2024,4/4/2024,12200,12900,14000,14100,14650,14950
2024,4/5/2024,12200,12900,14000,14100,14650,14950
2024,4/8/2024,12350,12800,13950,14250,14700,15150
2024,4/9/2024,12350,12800,13950,14250,14700,15150
2024,4/10/2024,12350,12800,13950,14250,14700,15150
2024,4/11/2024,12350,12800,13950,14250,14700,15150
2024,4/12/2024,12350,12800,13950,14250,14700,15150
2024,4/15/2024,12350,12800,13950,14250,14700,15150
2024,4/16/2024,12200,12900,14000,14100,14650,14950
2024,4/17/2024,12200,12900,14000,14100,14650,14950
2024,4/18/2024,12200,12900,14000,14100,14650,14950
2024,4/19/2024,12200,12900,14000,14100,14650,14950
2024,4/22/2024,12200,12900,14000,14150,14650,15000
2024,4/23/2024,12200,12900,14000,14150,14650,15000
2024,4/24/2024,12200,12900,14000,14150,14650,15000
2024,4/25/2024,12200,12900,14000,14150,14650,15000
2024,4/26/2024,12200,12900,14000,14150,14650,15000
2024,4/29/2024,12150,12850,14000,14100,14550,14900
2024,4/30/2024,12350,12900,14000,14050,14700,15000
2024,5/1/2024,12550,12800,13950,14200,14750,15200
2024,5/2/2024,12350,12900,14000,14050,14700,15000
2024,5/3/2024,12350,12900,14000,14050,14700,15000
2024,5/6/2024,12350,12900,14000,14050,14700,15000
2024,5/7/2024,12400,12900,14000,14050,14700,15000
2024,5/8/2024,12400,12900,14000,14050,14700,15000
2024,5/9/2024,12550,12800,13950,14200,14750,15200
2024,5/10/2024,12550,12800,13950,14200,14750,15200
2024,5/13/2024,12400,12900,14050,14100,14700,15000
2024,5/14/2024,12400,12900,14050,14100,14700,15000
2024,5/15/2024,12450,12900,14050,14100,14700,15000
2024,5/16/2024,12450,12900,14050,14100,14700,15000
2024,5/17/2024,12450,12900,14050,14100,14700,15000
2024,5/20/2024,12450,12900,14050,14100,14700,15000
2024,5/21/2024,12450,12900,14050,14100,14700,15000
2024,5/22/2024,12450,12900,14050,14100,14700,15000
2024,5/23/2024,12550,12850,13950,14200,14750,15200
2024,5/24/2024,12550,12850,13950,14200,14750,15200
2024,5/27/2024,12450,12900,14050,14100,14700,15000
2024,5/28/2024,12450,12900,14050,14100,14700,15000
2024,5/29/2024,12450,12900,14050,14100,14700,15000
2024,5/30/2024,12450,12900,14050,14100,14700,15000
2024,5/31/2024,12450,12900,14050,14100,14700,15000
2024,6/3/2024,12450,12900,14050,14100,14700,15000
2024,6/4/2024,12450,12900,14050,14100,14700,15000
2024,6/5/2024,12450,12900,14050,14100,14700,15000
2024,6/6/2024,12450,12900,14050,14100,14700,15000
2024,6/7/2024,12450,12900,14050,14100,14700,15000
2024,6/10/2024,12450,12900,14050,14100,14700,15000
2024,6/11/2024,12450,12900,14050,14100,14700,15000
2024,6/12/2024,12450,12900,14050,14100,14700,15000
2024,6/13/2024,12450,12900,14050,14100,14700,15000
2024,6/14/2024,12450,12900,14050,14100,14700,15050
2024,6/17/2024,12550,12850,13950,14250,14800,15250
2024,6/18/2024,12550,12850,13950,14250,14800,15250
2024,6/19/2024,12450,12900,14050,14100,14700,15050
2024,6/20/2024,12450,12900,14050,14100,14700,15050
2024,6/21/2024,12450,12900,14050,14100,14700,15050
2024,6/24/2024,12450,12900,14050,14100,14700,15050
2024,6/25/2024,12450,12900,14050,14100,14700,15050
2024,6/26/2024,12450,12900,14050,14100,14700,15050
2024,6/27/2024,12350,12900,14000,14100,14700,15000
2024,6/28/2024,12350,12900,14000,14100,14700,15000
2024,7/1/2024,12350,12900,14000,14100,14700,15000
2024,7/2/2024,12350,12900,14000,14100,14700,15000
2024,7/3/2024,12350,12900,14000,14100,14700,15000
2024,7/4/2024,12350,12900,14000,14100,14700,15000
2024,7/5/2024,12350,12900,14000,14100,14700,15000
2024,7/8/2024,12350,12900,14000,14100,14700,15000
2024,7/9/2024,12350,12900,14000,14100,14700,15000
2024,7/10/2024,12350,12900,14000,14100,14700,15000
2024,7/11/2024,12350,12900,14000,14100,14700,15000
2024,7/12/2024,12350,12900,14000,14100,14700,15000
2024,7/15/2024,12350,12900,14000,14100,14700,15000
2024,7/16/2024,12350,12900,14000,14100,14700,15000
2024,7/17/2024,12350,12900,14000,14100,14700,15000
2024,7/18/2024,12350,12900,14000,14100,14700,15000
2024,7/19/2024,12350,12900,14000,14100,14700,15000
2024,7/22/2024,12400,12950,14050,14150,14700,15000
2024,7/23/2024,12400,12950,14050,14150,14700,15000
2024,7/24/2024,12400,12950,14050,14150,14700,15000
2024,7/25/2024,12400,12950,14050,14150,14700,15000
2024,7/26/2024,12400,12950,14050,14150,14750,15000
2024,7/29/2024,12400,12950,14000,14150,14550,14950
2024,7/30/2024,12400,12950,14000,14150,14550,14950
2024,7/31/2024,12400,12950,14000,14150,14550,14950
2024,8/1/2024,12400,12950,14000,14150,14550,14950
2024,8/2/2024,12400,12950,14000,14150,14550,14950
2024,8/5/2024,12400,12950,14000,14150,14550,14950
2024,8/6/2024,12400,12950,14000,14150,14550,14950
2024,8/7/2024,12400,12950,14000,14150,14550,14950
2024,8/8/2024,12400,12950,14000,14150,14550,14950
2024,8/9/2024,12400,12950,14000,14150,14550,14950
2024,8/12/2024,12400,12950,14000,14150,14550,14950
2024,8/13/2024,12400,12950,14000,14150,14550,14950
2024,8/14/2024,12400,12950,14000,14150,14550,14950
2024,8/15/2024,12400,12950,14000,14150,14550,14950
2024,8/16/2024,12400,12950,14000,14150,14550,14950
2024,8/19/2024,12400,12950,14000,14150,14550,14950
2024,8/20/2024,12400,12950,14000,14150,14550,14950
2024,8/21/2024,12400,12950,14000,14150,14550,14950
2024,8/22/2024,12400,12950,14000,14150,14550,14950
2024,8/23/2024,12400,12950,14000,14150,14550,14950
2024,8/26/2024,12400,12950,14000,14150,14550,14950
2024,8/27/2024,12400,12950,14000,14150,14550,14950
2024,8/28/2024,12400,12950,14050,14150,14600,15000
2024,8/29/2024,12400,12950,14050,14150,14600,15000
2024,8/30/2024,12600,13000,14200,14300,14800,15100
2024,9/2/2024,12400,12950,14050,14150,14600,15000
2024,9/3/2024,12400,12950,14050,14150,14600,15000
2024,9/4/2024,12400,12950,14050,14150,14550,15000
2024,9/5/2024,12400,12950,14050,14150,14550,15000
2024,9/6/2024,12350,12950,14050,14150,14550,15000
2024,9/9/2024,12350,12950,14050,14150,14550,15000
2024,9/10/2024,12400,12950,14050,14150,14550,15000
2024,9/11/2024,12550,13000,14200,14300,14800,15100
2024,9/12/2024,12400,12950,14050,14150,14550,14950
2024,9/13/2024,12400,12950,14050,14150,14550,15000
2024,9/16/2024,12850,13650,14050,14250,14350,15050
2024,9/17/2024,12400,12950,14050,14150,14550,15000
2024,9/18/2024,12400,12950,14050,14150,14550,15000
2024,9/19/2024,12400,12950,14050,14150,14550,15000
2024,9/20/2024,12400,12950,14050,14150,14550,15000
2024,9/23/2024,12450,12950,14100,14200,14600,15000
2024,9/24/2024,12450,12950,14100,14200,14600,15000
2024,9/25/2024,12450,12950,14100,14200,14550,14950
2024,9/26/2024,12450,12950,14100,14200,14550,15000
2024,9/27/2024,12450,12950,14100,14200,14550,15000
2024,9/30/2024,12450,12950,14100,14200,14550,14900
2024,10/1/2024,12450,12950,14100,14200,14550,14900
2024,10/2/2024,12450,12950,14100,14200,14550,14900
2024,10/3/2024,12450,12950,14100,14200,14550,14900
2024,10/4/2024,12450,12950,14100,14200,14550,14900
2024,10/7/2024,12450,12950,14050,14200,14550,14900
2024,10/8/2024,12450,12950,14050,14200,14550,14900
2024,10/9/2024,12450,12900,14050,14200,14550,14900
2024,10/10/2024,12400,12850,14050,14150,14500,14900
2024,10/11/2024,12400,12850,14050,14150,14500,14900
2024,10/14/2024,12400,12850,14050,14150,14500,14900
2024,10/15/2024,12400,12850,13950,14150,14500,14900
2024,10/16/2024,12400,12850,13950,14150,14500,14900
2024,10/17/2024,12400,12850,13950,14150,14500,14900
2024,10/18/2024,12350,12850,13900,14150,14500,14850
2024,10/21/2024,12350,12850,13900,14150,14500,14850
2024,10/22/2024,12350,12850,13900,14150,14500,14850
2024,10/23/2024,12350,12850,13900,14150,14500,14850
2024,10/24/2024,12350,12850,13900,14150,14500,14850
2024,10/25/2024,12350,12850,13900,14150,14500,14850
2024,10/28/2024,12350,12850,13900,14150,14500,14850
2024,10/29/2024,12350,12850,13900,14150,14500,14850
2024,10/30/2024,12350,12850,13900,14150,14500,14850
2024,10/31/2024,12350,12850,13900,14150,14500,14850
2024,11/1/2024,12350,12850,13900,14150,14500,14850
2024,11/4/2024,12350,12850,13900,14150,14500,14850
2024,11/5/2024,12350,12850,13900,14150,14500,14850
2024,11/6/2024,12350,12850,13900,14150,14500,14850
2024,11/7/2024,12500,12850,13900,14250,14700,14950
2024,11/8/2024,12350,12850,13900,14150,14500,14850
2024,11/11/2024,12350,12850,13900,14150,14500,14850
2024,11/12/2024,12400,12850,13950,14150,14450,14900
2024,11/13/2024,12350,12850,13900,14150,14500,14850
2024,11/14/2024,12400,12850,13900,14100,14500,14850
2024,11/15/2024,12400,12850,13900,14100,14500,14850
2024,11/18/2024,12400,12750,13750,13950,14300,14750
2024,11/19/2024,12400,12750,13750,13950,14300,14750
2024,11/20/2024,12400,12750,13250,13950,14300,14750
2024,11/21/2024,12400,12750,13750,13950,14300,14750
2024,11/22/2024,12400,12750,13750,13950,14300,14700
2024,11/25/2024,12250,12750,13750,13850,14100,14600
2024,11/26/2024,12400,12750,13750,13950,14300,14750
2024,11/27/2024,13000,13450,13550,14150,14150,15000
2024,11/28/2024,12400,12750,13750,13950,14300,14750
2024,11/29/2024,12250,12750,13750,13850,14100,14600
2024,12/2/2024,12400,12750,13750,13950,14300,14700
2024,12/3/2024,12400,12750,13750,13950,14300,14750
2024,12/4/2024,12400,12750,13750,13950,14300,14750
2024,12/5/2024,12400,12750,13750,13950,14300,14750
2024,12/6/2024,12400,12750,13750,13950,14300,14750
2024,12/9/2024,12400,12750,13850,14050,14350,14750
2024,12/10/2024,12400,12750,13850,14050,14350,14750
2024,12/11/2024,12400,12750,13850,14050,14350,14750
2024,12/12/2024,12400,12750,13850,14050,14350,14750
2024,12/13/2024,12400,12750,13850,14050,14350,14750
2024,12/16/2024,12400,12750,13850,14050,14350,14750
2024,12/17/2024,12350,12750,13850,14050,14350,14750
2024,12/18/2024,12350,12750,13850,14050,14350,14750
2024,12/19/2024,12350,12750,13850,14050,14350,14800
2024,12/20/2024,12350,12750,13850,14050,14350,14800
2024,12/23/2024,12350,12750,13850,14050,14350,14800
2024,12/24/2024,12350,12750,13850,14050,14350,14800
2024,12/25/2024,12800,13400,13700,14050,14000,13850
2024,12/26/2024,12800,13400,13700,14050,14000,14700
2024,12/27/2024,12350,12750,13850,14050,14400,14800
2024,12/30/2024,12350,12750,13850,14050,14400,14750
2024,12/31/2024,12350,12750,13850,14050,14400,14800
