Tahun,Tanggal,Beras Kualitas Bawah I,Beras Kualitas Bawah II,Beras Kualitas Medium I,Beras Kualitas Medium II,Beras Kualitas Super I,Beras Kualitas Super II,Temperatur,Curah_Hujan
2020,2020-01-02,9700,9950,11150,11200,12100,12000,25.50833333333334,0.0
2020,2020-01-03,9700,9950,11150,11200,12100,12000,25.83333333333333,1.5
2020,2020-01-06,9700,9950,11150,11200,12100,12000,25.64583333333333,0.6000000000000001
2020,2020-01-07,9700,9950,11150,11200,12100,12000,25.34583333333333,1.5
2020,2020-01-08,9700,9950,11150,11150,12100,12000,25.59583333333333,0.4
2020,2020-01-09,9700,9950,11150,11200,12100,12000,25.3,12.8
2020,2020-01-10,9700,9950,11150,11200,12100,12000,25.90416666666667,0.1
2020,2020-01-13,9700,9950,11150,11200,12100,12000,25.83333333333333,0.2
2020,2020-01-14,9700,9950,11150,11200,12100,12000,26.12916666666667,0.8
2020,2020-01-15,9700,9950,11150,11150,12100,12000,26.07083333333334,0.3
2020,2020-01-16,9700,9950,11150,11200,12100,12000,26.275,0.4
2020,2020-01-17,9700,9950,11150,11200,12100,12000,26.4875,1.0
2020,2020-01-20,9700,9950,11150,11200,12100,12000,26.0625,6.4
2020,2020-01-21,9700,9950,11150,11200,12100,12000,25.50416666666667,13.7
2020,2020-01-22,9700,9950,11150,11200,12100,12000,26.26666666666667,1.1
2020,2020-01-23,9700,9950,11150,11200,12100,12000,26.375,0.5
2020,2020-01-24,9700,9950,11150,11200,12100,12000,26.47083333333333,0.9
2020,2020-01-27,9700,9950,11150,11200,12100,12000,26.67916666666666,1.4
2020,2020-01-28,9700,9950,11100,11200,12050,12000,26.6125,1.6
2020,2020-01-29,9700,9950,11100,11200,12050,12000,25.02083333333333,12.7
2020,2020-01-30,9700,9950,11100,11200,12050,12000,25.55416666666666,0.7000000000000001
2020,2020-01-31,9700,9950,11100,11200,12050,12000,25.6375,1.7
2020,2020-02-03,9700,9950,11100,11200,12050,12000,25.4375,13.5
2020,2020-02-04,9700,9950,11100,11200,12050,12000,25.32916666666667,0.4
2020,2020-02-05,9700,9950,11100,11200,12050,12000,25.21666666666667,0.4
2020,2020-02-06,9700,9950,11100,11200,12050,12000,25.6375,2.2
2020,2020-02-07,9700,9950,11100,11200,12050,12000,24.8375,41.3
2020,2020-02-10,9700,9950,11100,11200,12050,12000,25.07083333333334,12.0
2020,2020-02-11,9700,9950,11100,11200,12050,12000,25.60416666666667,15.9
2020,2020-02-12,9700,9950,11100,11200,12050,12000,24.93333333333333,16.7
2020,2020-02-13,9700,9950,11100,11200,12050,12000,25.65416666666667,17.4
2020,2020-02-14,9700,9950,11100,11200,12050,12000,25.62916666666667,19.2
2020,2020-02-17,9700,9950,11100,11200,12050,12000,26.16666666666667,1.9
2020,2020-02-18,9700,9950,11100,11200,12050,12000,25.18333333333333,3.3
2020,2020-02-19,9700,9950,11100,11200,12050,12000,25.19583333333334,11.5
2020,2020-02-20,9700,9950,11100,11200,12050,12000,25.82083333333334,0.9
2020,2020-02-21,9700,9950,10950,11200,12050,12000,25.8,1.3
2020,2020-02-24,9700,9950,10950,11200,12050,12000,26.05,2.1
2020,2020-02-25,9700,9950,10950,11200,12050,12000,26.13333333333334,3.6
2020,2020-02-26,9700,9950,10950,11200,12050,12000,26.39166666666667,6.399999999999999
2020,2020-02-27,9700,9950,10950,11200,12050,12000,26.56666666666667,2.4
2020,2020-02-28,9700,9950,10950,11200,12050,12000,26.025,10.3
2020,2020-03-02,9700,9950,10950,11200,12050,12000,26.60833333333333,2.0
2020,2020-03-03,9700,9950,10950,11200,12050,12000,26.69583333333334,0.4
2020,2020-03-04,9700,9950,10950,11200,12050,12000,26.94583333333334,0.9
2020,2020-03-05,9700,9950,10950,11200,12050,12000,26.37916666666667,2.7
2020,2020-03-06,9700,9950,10950,11200,12050,12000,25.69583333333334,5.9
2020,2020-03-09,9700,9900,10950,11150,12050,12000,27.37083333333333,0.4
2020,2020-03-10,9700,9900,10950,11150,12050,12000,27.26666666666667,12.0
2020,2020-03-11,9700,9900,10950,11150,12050,12000,25.85833333333333,7.3
2020,2020-03-12,9500,9900,11050,11100,11950,11750,26.50416666666667,1.0
2020,2020-03-13,9700,9900,10950,11150,12050,12000,26.62916666666667,0.6000000000000001
2020,2020-03-16,9700,9900,10950,11150,12050,12000,26.89583333333333,12.9
2020,2020-03-17,9700,9900,10950,11150,12050,12000,25.85833333333333,19.9
2020,2020-03-18,9700,9900,10950,11150,12050,12000,25.925,1.9
2020,2020-03-19,9700,9900,10950,11150,12050,12000,26.1375,0.2
2020,2020-03-20,9700,9900,10950,11150,12050,12000,26.09583333333333,3.6
2020,2020-03-23,9700,9900,10950,11150,12050,12000,26.18333333333333,6.2
2020,2020-03-24,9700,9900,10950,11150,12050,12000,26.45833333333333,1.4
2020,2020-03-26,9700,9900,10950,11150,12050,12000,26.5125,9.9
2020,2020-03-27,9700,9900,10950,11150,12050,12000,26.31666666666667,8.7
2020,2020-03-30,9700,9900,10950,11150,12050,12000,26.57083333333334,2.6
2020,2020-03-31,9700,9900,10950,11150,12050,12000,27.26666666666667,0.6000000000000001
2020,2020-04-01,9700,9900,10950,11150,12050,12000,26.89166666666667,11.1
2020,2020-04-02,9700,9900,10950,11150,12050,12000,26.57916666666667,5.5
2020,2020-04-03,9700,9900,10950,11150,12050,12000,25.8875,8.3
2020,2020-04-06,9700,9900,10950,11150,12050,12000,26.4625,3.7
2020,2020-04-07,9700,9900,10950,11150,12050,12000,26.19166666666667,6.1
2020,2020-04-08,9700,9900,10950,11150,12050,12000,25.92916666666666,5.7
2020,2020-04-09,9700,9900,10950,11150,12050,12000,26.3375,6.0
2020,2020-04-13,9700,9900,10900,11150,12000,12000,26.65416666666667,22.6
2020,2020-04-14,9700,9900,10900,11150,12000,12000,26.25416666666667,7.3
2020,2020-04-15,9700,9900,10900,11150,12000,12000,27.30416666666666,1.9
2020,2020-04-16,9700,9900,10900,11150,12000,12000,26.44166666666667,23.6
2020,2020-04-17,9700,9900,10900,11150,12000,12000,25.72083333333333,30.4
2020,2020-04-20,9700,9900,10900,11150,12000,12000,27.07916666666667,0.9
2020,2020-04-21,9700,9900,10900,11150,12000,12000,27.20833333333333,8.0
2020,2020-04-22,9700,9900,10900,11150,12000,12000,27.1,15.0
2020,2020-04-23,9700,9900,10900,11150,12000,12000,26.19166666666667,15.9
2020,2020-04-24,9700,9900,10900,11150,12000,12000,26.67083333333333,1.3
2020,2020-04-27,9700,9900,10900,11150,12000,12000,26.17083333333333,38.0
2020,2020-04-28,9700,9900,10900,11150,12000,12000,25.11666666666666,40.2
2020,2020-04-29,9700,9900,10900,11150,12000,12000,25.87916666666667,136.1
2020,2020-04-30,9700,9900,10900,11150,12000,12000,25.775,24.6
2020,2020-05-04,9700,9900,10900,11150,12000,12000,26.23333333333333,16.1
2020,2020-05-05,9700,9900,10900,11150,12000,12000,26.55833333333333,47.1
2020,2020-05-06,9700,9900,10900,11150,12000,12000,26.9125,21.9
2020,2020-05-08,9700,9900,10900,11150,12000,12000,27.14166666666667,6.2
2020,2020-05-11,9700,9900,10900,11150,12000,12000,26.30833333333333,8.2
2020,2020-05-12,9700,9900,10900,11150,12000,12000,26.525,14.1
2020,2020-05-13,9700,9900,10900,11150,12000,12000,27.1625,4.3
2020,2020-05-14,9700,9900,10900,11150,12000,12000,26.27916666666667,15.9
2020,2020-05-15,9700,9900,10900,11150,12000,12000,26.9875,5.2
2020,2020-05-18,9700,9900,10900,11150,12000,12000,27.17083333333333,0.7000000000000001
2020,2020-05-19,9700,9900,10900,11150,12000,12000,28.075,3.8
2020,2020-05-20,9700,9900,10900,11150,12000,12000,27.46666666666667,8.899999999999999
2020,2020-05-26,9700,9950,10900,11150,12000,12000,25.35833333333333,10.6
2020,2020-05-27,9700,9950,10900,11150,12000,12000,26.92083333333333,1.4
2020,2020-05-28,9700,9950,10900,11150,12050,12000,27.57916666666667,2.4
2020,2020-05-29,9700,9950,10900,11150,12050,12000,25.49166666666666,10.7
2020,2020-06-02,9700,9950,10900,11150,12050,12000,25.9375,23.2
2020,2020-06-03,9700,9950,10900,11150,12050,12000,26.35416666666667,31.8
2020,2020-06-04,9700,9950,10900,11150,12100,12000,25.37916666666667,12.0
2020,2020-06-05,9700,9950,10900,11150,12100,12000,26.18333333333333,11.3
2020,2020-06-08,9700,9950,10900,11150,12100,12000,26.775,0.6000000000000001
2020,2020-06-09,9700,9950,10900,11150,12100,12000,27.26666666666667,2.5
2020,2020-06-10,9700,9950,10900,11150,12100,12000,26.85416666666667,1.3
2020,2020-06-11,9700,9950,10900,11150,12100,12000,26.52083333333333,11.9
2020,2020-06-12,9700,9950,10900,11150,12100,12000,25.35416666666667,20.8
2020,2020-06-15,9700,9950,10900,11150,12100,12000,26.53333333333333,27.6
2020,2020-06-16,9700,9950,10900,11150,12100,12000,25.925,16.2
2020,2020-06-17,9700,9950,10900,11150,12100,12000,26.5625,11.3
2020,2020-06-18,9700,9950,10900,11150,12100,12000,24.85416666666667,17.1
2020,2020-06-19,9700,9950,10900,11150,12100,12000,26.29166666666667,1.2
2020,2020-06-22,9700,9950,10900,11150,12100,12000,26.35833333333333,12.1
2020,2020-06-23,9700,9950,10900,11150,12100,12000,26.15,9.899999999999999
2020,2020-06-24,9700,9950,10900,11150,12100,12000,26.7625,11.3
2020,2020-06-25,9700,9950,10900,11150,12100,12000,26.2875,4.2
2020,2020-06-26,9700,9950,10900,11150,12100,12000,26.1625,6.2
2020,2020-06-29,9700,9950,10900,11150,12100,12000,27.02916666666667,0.0
2020,2020-06-30,9700,9950,10900,11150,12100,12000,26.85833333333333,2.9
2020,2020-07-01,9700,10000,10950,11200,12150,12100,26.29166666666667,3.8
2020,2020-07-02,9700,10000,10950,11200,12150,12100,27.0125,4.8
2020,2020-07-03,9700,10000,10950,11200,12150,12100,26.9375,0.8
2020,2020-07-06,9700,10000,10950,11200,12150,12100,25.4875,11.3
2020,2020-07-07,9700,10000,10950,11200,12150,12100,25.92916666666666,15.7
2020,2020-07-08,9700,10000,10950,11200,12150,12100,25.525,27.7
2020,2020-07-09,9700,10000,10950,11200,12150,12100,24.76666666666667,9.2
2020,2020-07-10,9700,10000,10950,11200,12150,12100,25.72916666666667,15.3
2020,2020-07-13,9700,10000,10950,11200,12150,12100,24.84583333333333,3.2
2020,2020-07-14,9700,10000,10950,11200,12150,12100,26.04583333333333,0.1
2020,2020-07-15,9700,10000,10950,11200,12150,12100,26.9,0.7
2020,2020-07-16,9700,10000,10950,11200,12150,12100,25.82083333333334,24.9
2020,2020-07-17,9700,10000,10950,11200,12150,12100,25.9375,4.7
2020,2020-07-20,9700,9950,10950,11200,12150,12100,25.95416666666667,16.6
2020,2020-07-21,9700,9950,10950,11200,12150,12100,25.96666666666667,12.4
2020,2020-07-22,9700,9950,10950,11200,12150,12100,25.325,20.7
2020,2020-07-23,9700,9950,10950,11200,12150,12100,25.65833333333333,11.9
2020,2020-07-24,9700,9950,10950,11200,12150,12100,25.425,7.3
2020,2020-07-27,9700,9950,10950,11200,12150,12100,25.80416666666666,11.8
2020,2020-07-28,9700,9950,10950,11200,12150,12100,25.81666666666667,1.5
2020,2020-07-29,9700,9950,10950,11250,12150,12100,26.35,1.5
2020,2020-07-30,9700,9950,10950,11200,12150,12100,26.39583333333333,22.2
2020,2020-08-03,9800,10000,11000,11200,12150,12100,27.24583333333333,23.4
2020,2020-08-04,9750,10000,11000,11200,12150,12100,26.77916666666667,0.0
2020,2020-08-05,9750,10000,11000,11200,12150,12100,27.15416666666667,0.0
2020,2020-08-06,9750,10000,11000,11200,12150,12100,27.51666666666667,0.4
2020,2020-08-07,9750,10000,11000,11200,12150,12100,27.25416666666667,4.3
2020,2020-08-10,9750,10000,11000,11200,12150,12100,26.87916666666667,5.1
2020,2020-08-11,9700,9950,11000,11150,12100,12050,27.22916666666667,5.2
2020,2020-08-12,9700,9950,11000,11150,12100,12050,25.5125,15.1
2020,2020-08-13,9700,9950,11000,11150,12100,12050,26.08333333333333,9.0
2020,2020-08-14,9700,9950,11000,11150,12100,12050,26.9625,0.0
2020,2020-08-18,9700,9950,11000,11150,12100,12050,26.3,2.8
2020,2020-08-19,9700,9950,11000,11150,12100,12050,25.45,7.4
2020,2020-08-24,9700,9950,11000,11150,12100,12050,26.5,0.3
2020,2020-08-25,9700,9950,11000,11100,12050,12000,26.49583333333333,9.2
2020,2020-08-26,9700,9950,11000,11100,12050,12000,26.65,2.9
2020,2020-08-27,9700,9900,11150,11000,12050,12000,25.66666666666667,9.1
2020,2020-08-28,9700,9900,11150,11000,12050,12000,25.5375,13.1
2020,2020-08-31,9750,9900,11150,11000,12050,12000,25.6875,10.0
2020,2020-09-01,9700,9950,11200,11050,12050,11950,26.97916666666667,1.1
2020,2020-09-02,9700,9950,11200,11050,12050,11950,26.35416666666667,5.1
2020,2020-09-03,9700,9950,11200,11050,12050,11950,26.15,26.5
2020,2020-09-04,9650,10000,11150,11100,12000,11950,25.225,2.7
2020,2020-09-07,9650,10000,11150,11100,12000,11950,25.95,12.3
2020,2020-09-08,9650,10000,11250,11100,12000,11950,25.875,7.8
2020,2020-09-09,9650,10000,11250,11100,12000,11950,24.85833333333333,17.7
2020,2020-09-10,9650,10000,11250,11100,12000,11950,25.75833333333334,42.2
2020,2020-09-11,9650,10000,11250,11100,12000,11950,25.36666666666666,28.9
2020,2020-09-14,9650,10000,11250,11100,12000,11950,25.5375,11.4
2020,2020-09-15,9650,10000,11250,11100,12000,11950,25.16666666666667,21.9
2020,2020-09-16,9650,10000,11250,11100,12000,11950,26.26666666666667,2.0
2020,2020-09-17,9650,10000,11250,11100,12000,11950,26.92083333333333,3.6
2020,2020-09-18,9650,10000,11250,11100,12000,11950,26.25833333333334,28.3
2020,2020-09-21,9650,10000,11250,11100,12000,11950,26.35,5.8
2020,2020-09-22,9650,10000,11250,11100,12000,11950,26.9875,2.8
2020,2020-09-23,9650,10000,11250,11100,12000,11950,25.88333333333334,8.7
2020,2020-09-24,9650,10000,11250,11100,12000,11950,26.12083333333333,1.5
2020,2020-09-25,9650,10000,11250,11100,12000,11950,25.49166666666666,16.8
2020,2020-09-28,9650,10000,11250,11100,12000,11950,26.10416666666667,3.0
2020,2020-09-29,9650,10000,11250,11100,12000,11950,26.48333333333333,1.0
2020,2020-09-30,9650,10000,11250,11100,12000,11950,25.74583333333333,23.8
2020,2020-10-01,9650,10000,11250,11100,12000,11950,25.925,10.0
2020,2020-10-02,9650,10000,11250,11100,12000,11950,24.925,11.0
2020,2020-10-05,9650,10000,11250,11100,12000,11950,25.89583333333333,5.4
2020,2020-10-06,9650,10000,11250,11100,12000,11950,25.88333333333334,16.7
2020,2020-10-07,9650,10000,11250,11100,12000,11950,25.35,11.3
2020,2020-10-08,9650,10000,11250,11100,12000,11950,25.9,6.9
2020,2020-10-09,9650,10000,11250,11100,12000,11950,26.28333333333333,9.9
2020,2020-10-12,9650,10000,11250,11100,12000,11950,25.89583333333333,28.1
2020,2020-10-13,9650,10000,11250,11100,12000,11950,25.38333333333334,22.2
2020,2020-10-14,9650,10000,11250,11100,12000,11950,26.09166666666667,18.8
2020,2020-10-15,9650,10000,11250,11100,12000,11950,26.25416666666667,5.100000000000001
2020,2020-10-16,9650,10000,11250,11100,12000,11950,26.40833333333333,17.9
2020,2020-10-19,9650,10000,11250,11100,12000,11950,26.9,0.7000000000000001
2020,2020-10-20,9650,10000,11250,11100,12000,11950,26.7125,4.7
2020,2020-10-21,9650,10000,11250,11100,12000,11950,26.2625,13.6
2020,2020-10-22,9650,10000,11250,11100,12000,11950,25.2375,6.6
2020,2020-10-23,9650,10000,11250,11100,12000,11950,25.58333333333333,11.3
2020,2020-10-26,9650,10000,11250,11100,12000,11950,24.46666666666667,10.1
2020,2020-10-27,9650,10000,11250,11100,12000,11950,26.39166666666667,4.0
2020,2020-10-28,9850,10000,10450,11300,11150,12000,26.17083333333333,9.0
2020,2020-10-30,9850,10000,10450,11300,11150,12000,26.22083333333333,30.5
2020,2020-11-02,9650,10000,11250,11100,12000,11950,25.32083333333334,11.1
2020,2020-11-03,9650,10000,11250,11100,12000,11950,25.11666666666666,14.1
2020,2020-11-04,9650,10000,11250,11100,12000,11950,25.0625,11.6
2020,2020-11-05,9650,10000,11250,11100,12000,11950,24.87083333333333,24.7
2020,2020-11-06,9650,10000,11250,11100,12000,11950,25.275,13.4
2020,2020-11-09,9650,10000,11250,11100,12000,11950,24.92083333333333,11.9
2020,2020-11-10,9650,10000,11250,11100,12000,11950,25.05416666666666,13.5
2020,2020-11-11,9650,10000,11250,11100,12000,11950,25.825,13.7
2020,2020-11-12,9650,10000,11250,11100,12000,11950,24.94166666666667,18.0
2020,2020-11-13,9650,10000,11250,11100,12000,11950,25.42916666666666,28.0
2020,2020-11-16,9650,10000,11250,11100,12000,11950,25.80833333333333,7.2
2020,2020-11-17,9650,10000,11250,11100,12000,11950,25.71666666666667,27.1
2020,2020-11-18,9650,10000,11250,11100,12000,11950,25.24166666666666,60.2
2020,2020-11-19,9650,10000,11250,11100,12000,11950,25.86666666666666,21.4
2020,2020-11-20,9650,10000,11250,11100,12000,11950,25.175,24.0
2020,2020-11-23,9650,10000,11250,11100,12000,11950,24.55,19.3
2020,2020-11-24,9650,10000,11250,11100,12000,11950,24.20833333333333,20.8
2020,2020-11-25,9650,10000,11250,11100,12000,11950,25.30833333333333,7.7
2020,2020-11-26,9650,10000,11250,11100,12000,11950,24.90833333333333,35.3
2020,2020-11-27,9650,10000,11250,11100,12000,11950,24.39166666666667,20.0
2020,2020-11-30,9650,10000,11250,11100,12000,11950,25.77916666666667,10.3
2020,2020-12-01,9650,10000,11250,11100,12000,11950,25.1625,9.9
2020,2020-12-02,9650,10000,11250,11100,12000,11950,25.38333333333334,11.2
2020,2020-12-03,9650,10000,11250,11100,12000,11950,25.54583333333333,9.2
2020,2020-12-04,9650,10000,11250,11100,12000,11950,24.18333333333333,27.0
2020,2020-12-07,9650,10000,11250,11100,12000,11950,25.09583333333333,8.6
2020,2020-12-08,9650,10000,11250,11100,12000,11950,24.85,9.9
2020,2020-12-10,9650,10000,11250,11100,12000,11950,25.01666666666667,6.299999999999999
2020,2020-12-11,9650,10000,11250,11100,11950,11950,24.6625,3.9
2020,2020-12-14,9650,10000,11250,11100,11950,11950,25.55,2.4
2020,2020-12-15,9650,10000,11250,11100,11950,11950,25.21666666666667,8.8
2020,2020-12-16,9650,10000,11250,11100,11950,11950,25.125,32.3
2020,2020-12-17,9650,10000,11250,11100,11950,11950,24.21666666666667,24.9
2020,2020-12-18,9650,9900,11150,11150,11950,11850,23.76666666666667,15.1
2020,2020-12-21,9650,9900,11150,11150,11950,11850,24.575,22.0
2020,2020-12-22,9650,9900,11150,11150,11950,11850,23.94166666666667,26.6
2020,2020-12-23,9650,9900,11150,11150,11950,11850,25.3625,1.1
2020,2020-12-28,9650,9900,11150,11150,11950,11850,25.01666666666667,20.5
2020,2020-12-29,9650,9900,11150,11150,11950,11850,24.9625,6.8
2020,2020-12-30,9600,9950,11150,11150,11950,11850,24.74583333333333,11.4
2021,2021-01-04,9600,9950,11150,11150,11950,11850,24.8375,4.6
2021,2021-01-05,9600,9950,11150,11150,11950,11850,24.75416666666667,21.4
2021,2021-01-06,9600,9950,11150,11150,11950,11850,24.225,12.5
2021,2021-01-07,9600,9950,11150,11150,11950,11850,25.09583333333333,12.2
2021,2021-01-08,9600,9950,11150,11150,12000,11850,24.75,19.4
2021,2021-01-11,9600,9950,11150,11150,12000,11850,24.32083333333334,34.5
2021,2021-01-12,9600,9950,11150,11150,12000,11850,24.2,37.6
2021,2021-01-13,9600,9950,11150,11150,12000,11850,24.27916666666667,10.8
2021,2021-01-14,9600,9950,11150,11150,12000,11850,25.10416666666667,4.4
2021,2021-01-15,9600,9950,11150,11150,12000,11850,25.3125,12.7
2021,2021-01-18,9600,9950,11150,11150,12000,11850,24.05833333333333,29.0
2021,2021-01-19,9600,9950,11150,11150,12000,11850,25.15,12.8
2021,2021-01-20,9600,9950,11150,11150,12000,11850,24.15833333333333,21.1
2021,2021-01-21,9600,9950,11150,11150,12000,11850,25.29583333333333,0.8
2021,2021-01-22,9600,9950,11150,11150,12000,11850,25.17916666666666,4.9
2021,2021-01-25,9600,9950,11150,11150,12000,11850,25.45416666666667,2.9
2021,2021-01-26,9600,9950,11150,11150,12000,11850,25.15416666666667,9.4
2021,2021-01-27,9600,9950,11150,11150,12000,11850,25.12916666666667,4.3
2021,2021-01-28,9600,9950,11150,11150,12000,11850,24.12083333333333,13.4
2021,2021-01-29,9600,9950,11150,11150,12000,11850,24.55,4.9
2021,2021-02-01,9600,9950,11150,11150,12000,11850,25.18333333333333,7.5
2021,2021-02-02,9600,9950,11150,11150,12000,11850,24.76666666666667,11.3
2021,2021-02-03,9600,9950,11150,11150,12000,11850,25.75416666666667,1.3
2021,2021-02-04,9600,9950,11150,11150,12000,11850,25.47083333333333,3.0
2021,2021-02-05,9600,9950,11150,11150,12000,11850,25.4,1.6
2021,2021-02-08,9600,9950,11050,11150,12000,11850,26.0125,7.2
2021,2021-02-09,9600,9950,11050,11150,12000,11850,26.55,6.3
2021,2021-02-10,9600,9950,11050,11150,12000,11850,26.07083333333334,10.9
2021,2021-02-11,9600,9950,11050,11150,12000,11850,25.75416666666667,6.9
2021,2021-02-15,9600,9950,11050,11150,12000,11850,26.19583333333334,1.3
2021,2021-02-16,9600,9900,11050,11150,12000,11850,26.05833333333333,1.2
2021,2021-02-17,9600,9900,11050,11150,12000,11850,25.9125,1.0
2021,2021-02-18,9600,9900,11050,11150,12000,11850,25.075,1.8
2021,2021-02-19,9600,9900,11050,11150,12000,11850,25.325,0.7000000000000001
2021,2021-02-22,9600,9950,11050,11150,12000,11850,25.63333333333334,2.8
2021,2021-02-23,9600,9950,11050,11150,12000,11850,26.20416666666667,0.6000000000000001
2021,2021-02-24,9600,9950,11050,11150,12000,11850,26.30833333333333,0.6
2021,2021-02-25,9600,9950,11050,11150,12000,11850,25.9625,6.3
2021,2021-02-26,9600,9950,11050,11150,12000,11850,25.9125,14.3
2021,2021-03-01,9900,10250,11200,11400,12400,12450,25.71666666666667,6.2
2021,2021-03-02,9900,10250,11200,11400,12400,12450,26.25,4.7
2021,2021-03-03,9900,10250,11200,11400,12400,12450,24.4125,10.8
2021,2021-03-04,9650,10250,11200,11350,12100,12150,25.89166666666667,1.1
2021,2021-03-05,9650,10250,11200,11350,12100,12150,26.0125,11.4
2021,2021-03-08,9650,10250,11200,11350,12100,12150,26.4875,1.7
2021,2021-03-09,9650,10250,11200,11350,12100,12150,26.2625,1.2
2021,2021-03-10,9650,10250,11200,11350,12100,12150,25.80416666666666,0.4
2021,2021-03-12,9650,10250,11200,11350,12100,12150,25.425,7.5
2021,2021-03-15,9650,10250,11200,11350,12350,12600,25.75833333333334,3.4
2021,2021-03-16,9650,10250,11200,11350,12350,12600,25.61666666666666,12.2
2021,2021-03-17,9650,10250,11200,11350,12350,12600,25.5875,13.4
2021,2021-03-18,9650,10250,11200,11350,12350,12600,25.95833333333333,9.6
2021,2021-03-19,9650,10250,11200,11350,12350,12600,26.04583333333333,3.5
2021,2021-03-22,9650,10200,11200,11350,12350,12600,26.1875,5.4
2021,2021-03-23,9650,10200,11200,11350,12350,12600,25.37083333333333,49.1
2021,2021-03-24,9650,10200,11200,11350,12350,12600,24.925,17.1
2021,2021-03-25,9650,10200,11200,11350,12350,12600,25.74583333333333,14.5
2021,2021-03-26,9650,10200,11200,11350,12350,12600,25.92916666666666,7.0
2021,2021-03-29,9650,10200,11200,11350,12350,12600,26.0625,10.5
2021,2021-03-30,9650,10200,11200,11350,12350,12600,26.05833333333333,9.0
2021,2021-03-31,9650,10200,11200,11350,12350,12600,26.7625,7.100000000000001
2021,2021-04-01,9650,10200,11200,11350,12350,12600,27.275,1.2
2021,2021-04-05,9650,10200,11200,11350,12350,12600,26.35,8.0
2021,2021-04-06,9650,10200,11200,11350,12350,12600,26.16666666666667,9.9
2021,2021-04-07,9650,10200,11200,11350,12350,12600,24.91666666666667,6.5
2021,2021-04-08,9650,10200,11200,11350,12350,12600,25.99583333333333,1.5
2021,2021-04-09,9650,10200,11200,11350,12350,12600,26.19166666666667,1.6
2021,2021-04-12,9650,10200,11200,11350,12350,12600,26.0375,15.5
2021,2021-04-13,9650,10200,11200,11350,12350,12600,25.09166666666667,7.100000000000001
2021,2021-04-14,9650,10200,11200,11350,12350,12600,25.375,1.4
2021,2021-04-15,9650,10200,11200,11350,12350,12600,25.7125,10.2
2021,2021-04-16,9650,10200,11200,11350,12350,12600,25.57916666666667,6.7
2021,2021-04-19,9650,10200,11200,11350,12350,12600,25.66666666666667,22.7
2021,2021-04-20,9650,10200,11200,11350,12350,12600,26.14166666666667,4.1
2021,2021-04-21,9650,10200,11200,11350,12350,12600,26.15,13.2
2021,2021-04-22,9650,10200,11200,11350,12350,12600,25.64583333333333,24.0
2021,2021-04-23,9650,10200,11200,11350,12350,12600,25.79583333333333,10.2
2021,2021-04-26,9650,10200,11200,11350,12350,12600,25.58333333333333,12.5
2021,2021-04-27,9650,10200,11200,11350,12350,12600,25.07916666666667,9.8
2021,2021-04-28,9650,10200,11200,11350,12350,12600,26.55416666666666,1.1
2021,2021-04-29,9650,10200,11200,11350,12350,12600,25.91666666666667,17.3
2021,2021-04-30,9650,10200,11200,11350,12350,12600,25.3625,2.9
2021,2021-05-03,9650,10200,11250,11350,12350,12600,26.50416666666667,7.899999999999999
2021,2021-05-04,9650,10200,11200,11400,12350,12500,25.91666666666667,17.1
2021,2021-05-05,9650,10200,11200,11400,12350,12500,26.09166666666667,12.2
2021,2021-05-06,9650,10200,11200,11400,12350,12500,25.68333333333333,17.6
2021,2021-05-07,9650,10200,11200,11400,12350,12500,25.6875,22.5
2021,2021-05-10,9650,10200,11200,11400,12350,12500,26.4625,9.899999999999999
2021,2021-05-11,9650,10200,11200,11400,12350,12500,26.48333333333333,5.7
2021,2021-05-17,9650,10200,11200,11400,12350,12500,26.14583333333333,10.1
2021,2021-05-18,9650,10200,11200,11400,12350,12500,26.25416666666667,3.6
2021,2021-05-19,9650,10200,11200,11400,12350,12500,26.0625,2.9
2021,2021-05-20,9650,10200,11200,11400,12350,12500,27.02916666666667,0.9
2021,2021-05-21,9650,10200,11200,11400,12350,12500,25.88333333333334,4.1
2021,2021-05-24,9650,10200,11200,11400,12350,12500,27.1125,4.8
2021,2021-05-25,9650,10200,11200,11400,12350,12500,26.85,10.0
2021,2021-05-27,9650,10200,11200,11400,12350,12500,25.4625,16.4
2021,2021-05-28,9650,10200,11200,11400,12350,12500,26.6125,0.7
2021,2021-05-31,9650,10150,11100,11400,12350,12500,27.04166666666667,5.6
2021,2021-06-02,9650,10150,11100,11400,12350,12500,26.39166666666667,7.6
2021,2021-06-03,9650,10150,11100,11400,12350,12500,26.24583333333333,4.9
2021,2021-06-04,9650,10150,11100,11400,12350,12500,26.425,10.9
2021,2021-06-07,9650,10150,11100,11400,12350,12500,27.05833333333333,2.9
2021,2021-06-08,9650,10150,11100,11400,12350,12500,26.97083333333333,0.3
2021,2021-06-09,9650,10150,11100,11400,12350,12500,27.04166666666667,2.1
2021,2021-06-10,9650,10150,11100,11400,12350,12500,26.27083333333333,2.6
2021,2021-06-11,9650,10150,11100,11400,12350,12500,27.3,0.0
2021,2021-06-14,9650,10150,11100,11400,12350,12500,26.2875,23.5
2021,2021-06-15,9650,10150,11100,11400,12350,12500,25.99583333333333,19.1
2021,2021-06-16,9650,10150,11100,11400,12350,12500,26.8125,6.9
2021,2021-06-17,9650,10150,11100,11400,12350,12500,26.96666666666667,3.0
2021,2021-06-18,9650,10150,11100,11400,12350,12500,25.6125,8.3
2021,2021-06-21,9650,10150,11100,11400,12350,12500,26.5125,5.3
2021,2021-06-22,9650,10150,11100,11400,12350,12450,26.8375,0.0
2021,2021-06-23,9650,10150,11100,11400,12350,12450,25.14583333333333,10.6
2021,2021-06-24,9650,10150,11100,11400,12350,12450,26.54166666666667,3.4
2021,2021-06-25,9650,10150,11100,11400,12350,12450,25.8625,14.9
2021,2021-06-28,9650,10150,11100,11400,12350,12450,25.7,12.8
2021,2021-06-29,9650,10150,11100,11400,12300,12400,24.8125,5.9
2021,2021-06-30,9650,10100,11100,11400,12300,12400,25.99583333333333,0.0
2021,2021-07-01,9650,10100,11100,11350,12300,12400,26.18333333333333,3.9
2021,2021-07-02,9650,10100,11100,11350,12300,12400,25.725,2.5
2021,2021-07-05,9650,10100,11100,11350,12300,12400,25.59583333333333,16.7
2021,2021-07-06,9650,10100,11100,11350,12300,12400,24.8875,14.1
2021,2021-07-07,9700,10150,11100,11350,12250,12450,25.58333333333333,5.5
2021,2021-07-08,9700,10150,11100,11350,12250,12450,26.04166666666667,16.1
2021,2021-07-09,9700,10150,11100,11350,12250,12450,25.77083333333333,27.9
2021,2021-07-12,9700,10150,11100,11350,12250,12450,25.29166666666667,4.8
2021,2021-07-13,9700,10150,11100,11400,12300,12450,26.0,0.0
2021,2021-07-14,9700,10150,11100,11400,12300,12450,25.87083333333333,2.8
2021,2021-07-15,9700,10150,11100,11400,12300,12450,26.53333333333333,6.5
2021,2021-07-16,9700,10150,11100,11400,12300,12450,26.45,0.0
2021,2021-07-19,9700,10150,11100,11400,12300,12450,26.8,0.0
2021,2021-07-21,9700,10150,11100,11400,12300,12450,27.41666666666667,14.7
2021,2021-07-22,9700,10150,11100,11400,12300,12450,27.09583333333333,1.0
2021,2021-07-23,9700,10150,11100,11400,12300,12450,27.03333333333333,6.0
2021,2021-07-26,9700,10100,11100,11400,12300,12450,26.8375,2.3
2021,2021-07-27,9700,10100,11100,11400,12300,12450,26.53333333333333,10.8
2021,2021-07-28,9700,10100,11100,11400,12300,12450,26.61666666666666,15.5
2021,2021-07-29,9700,10100,11100,11400,12300,12450,26.66666666666667,8.1
2021,2021-07-30,9700,10100,11100,11400,12300,12450,26.10833333333333,11.4
2021,2021-08-02,9750,10100,11050,11400,12250,12500,26.84166666666667,1.0
2021,2021-08-03,9750,10100,11050,11400,12250,12500,26.45,39.3
2021,2021-08-04,9750,10100,11050,11400,12250,12500,26.58333333333333,5.6
2021,2021-08-05,9750,10100,11050,11400,12250,12500,27.25,2.2
2021,2021-08-06,9750,10100,11050,11400,12250,12500,26.75,7.199999999999999
2021,2021-08-09,9750,10100,11050,11400,12250,12500,26.17083333333333,7.100000000000001
2021,2021-08-10,9750,10100,11050,11400,12250,12500,26.025,15.8
2021,2021-08-12,9750,10100,11050,11400,12300,12450,26.37083333333333,15.0
2021,2021-08-13,9750,10100,11050,11400,12300,12450,25.92916666666666,23.6
2021,2021-08-16,9750,10100,11050,11400,12300,12450,24.07916666666667,36.1
2021,2021-08-18,9750,10100,11050,11400,12300,12450,23.75833333333334,25.1
2021,2021-08-19,9800,10150,11100,11450,12300,12500,23.84583333333333,3.2
2021,2021-08-20,9800,10150,11100,11450,12300,12500,25.16666666666667,1.9
2021,2021-08-23,9800,10200,11150,11450,12300,12500,25.22916666666667,5.800000000000001
2021,2021-08-24,9800,10200,11150,11450,12300,12500,24.58333333333333,15.7
2021,2021-08-25,9800,10200,11150,11450,12300,12450,25.5,7.4
2021,2021-08-26,9800,10200,11150,11450,12300,12450,25.60833333333333,8.299999999999999
2021,2021-08-27,9800,10200,11150,11450,12300,12450,25.53333333333333,10.7
2021,2021-08-30,9800,10250,11150,11450,12350,12400,25.49583333333333,14.3
2021,2021-08-31,9750,10200,11150,11450,12300,12300,25.05416666666666,7.5
2021,2021-09-01,9750,10200,11150,11450,12300,12300,25.82083333333334,3.7
2021,2021-09-02,9750,10200,11150,11400,12250,12300,25.62083333333333,6.7
2021,2021-09-03,9750,10200,11150,11400,12250,12300,26.01666666666667,4.1
2021,2021-09-06,9750,10200,11150,11400,12250,12300,26.3,3.9
2021,2021-09-07,9750,10200,11150,11400,12250,12300,26.68333333333333,3.8
2021,2021-09-08,9800,10150,11150,11350,12150,12200,26.06666666666667,8.4
2021,2021-09-09,9800,10150,11150,11350,12150,12200,25.9625,5.1
2021,2021-09-10,9800,10150,11150,11350,12150,12200,26.12083333333333,8.0
2021,2021-09-13,9800,10200,11150,11350,12150,12150,24.9625,19.2
2021,2021-09-14,9800,10200,11150,11350,12150,12150,26.23333333333333,1.2
2021,2021-09-15,9800,10200,11150,11350,12150,12150,26.49166666666666,1.6
2021,2021-09-16,9800,10200,11150,11350,12150,12150,26.32083333333334,9.0
2021,2021-09-17,9800,10200,11150,11350,12150,12150,24.76666666666667,15.2
2021,2021-09-20,9800,10200,11150,11350,12150,12150,25.27083333333333,17.9
2021,2021-09-21,9800,10200,11150,11350,12150,12150,25.50833333333334,10.4
2021,2021-09-22,9800,10200,11150,11350,12150,12150,25.66666666666667,4.4
2021,2021-09-23,9800,10200,11150,11350,12150,12150,26.59166666666667,0.5
2021,2021-09-24,9800,10200,11150,11350,12150,12150,26.5,7.6
2021,2021-09-27,9800,10200,11150,11350,12150,12150,25.05833333333333,5.9
2021,2021-09-28,9750,10200,11150,11350,12100,12100,26.15416666666667,9.5
2021,2021-09-29,9750,10200,11150,11350,12100,12100,25.32916666666667,6.7
2021,2021-09-30,9750,10200,11150,11350,12100,12100,26.02083333333333,3.4
2021,2021-10-01,9750,10200,11150,11350,12100,12100,25.67916666666666,2.1
2021,2021-10-04,9750,10200,11150,11350,12100,12100,26.97916666666667,0.4
2021,2021-10-05,9750,10200,11150,11350,12100,12100,26.22916666666667,3.1
2021,2021-10-06,9750,10200,11150,11350,12100,12100,26.75416666666667,8.6
2021,2021-10-07,9750,10200,11150,11350,12100,12100,26.9375,14.2
2021,2021-10-08,9750,10200,11150,11350,12100,12100,26.9125,4.8
2021,2021-10-11,9750,10200,11150,11350,12100,12100,26.82083333333334,0.0
2021,2021-10-12,9750,10200,11150,11350,12100,12100,27.25833333333334,2.3
2021,2021-10-13,9750,10200,11150,11350,12100,12100,27.7125,0.1
2021,2021-10-14,9750,10200,11150,11350,12100,12100,28.15,0.3
2021,2021-10-15,9750,10200,11150,11350,12100,12100,27.86666666666666,0.6000000000000001
2021,2021-10-18,9750,10200,11150,11350,12100,12100,25.19583333333334,16.2
2021,2021-10-19,9750,10200,11150,11350,12100,12100,26.2,30.4
2021,2021-10-21,9750,10200,11150,11350,12100,12100,25.22083333333333,13.7
2021,2021-10-22,9750,10200,11150,11350,12100,12100,25.02916666666667,10.6
2021,2021-10-25,9700,10100,11100,11300,12100,12050,24.775,32.3
2021,2021-10-26,9700,10100,11100,11300,12100,12050,25.25833333333334,19.2
2021,2021-10-27,9700,10100,11100,11300,12100,12050,25.55833333333333,13.3
2021,2021-10-28,9700,10100,11100,11300,12100,12050,25.37083333333333,5.399999999999999
2021,2021-10-29,9650,10050,11050,11250,12050,12050,26.2875,16.9
2021,2021-11-01,9650,10050,11050,11300,12050,12050,25.55,12.2
2021,2021-11-02,9650,10050,11050,11300,12050,12050,25.50833333333334,13.2
2021,2021-11-03,9650,10050,11050,11300,12050,12050,23.825,8.0
2021,2021-11-04,9650,10050,11050,11300,12050,12050,24.99166666666666,7.5
2021,2021-11-05,9650,10050,11050,11300,12050,12050,25.3625,14.7
2021,2021-11-08,9650,10050,11050,11300,12050,12050,26.05,14.5
2021,2021-11-09,9650,10050,11050,11300,12050,12050,25.99583333333333,17.1
2021,2021-11-10,9700,10050,11050,11300,12050,12050,24.79166666666667,11.2
2021,2021-11-11,9700,10050,11050,11300,12050,12050,24.75,11.7
2021,2021-11-12,9700,10050,11050,11300,12050,12050,24.79166666666667,17.4
2021,2021-11-15,9700,10050,11050,11300,12050,12050,25.50416666666667,3.8
2021,2021-11-16,9700,10050,11050,11300,12050,12050,25.29166666666667,8.799999999999999
2021,2021-11-17,9700,10050,11050,11300,12050,12050,23.50833333333334,26.4
2021,2021-11-18,9700,10050,11050,11300,12050,12050,24.45,15.2
2021,2021-11-19,9700,10050,11050,11300,12050,12050,25.10833333333333,37.4
2021,2021-11-22,9700,10050,11050,11300,12050,12050,25.3375,11.0
2021,2021-11-23,9700,10050,11050,11300,12050,12050,25.17916666666666,4.4
2021,2021-11-24,9700,10050,11050,11300,12050,12050,24.75,30.5
2021,2021-11-25,9700,10050,11050,11300,12050,12050,25.32083333333334,8.5
2021,2021-11-26,9700,10050,11050,11300,12050,12050,24.47083333333333,24.0
2021,2021-11-29,9700,10050,11050,11300,12050,12050,24.35,29.3
2021,2021-11-30,9700,10050,11050,11300,12050,12050,25.275,1.2
2021,2021-12-01,9700,10050,11050,11300,12050,12050,25.51666666666667,22.0
2021,2021-12-02,9700,10050,11050,11250,12050,12050,25.04583333333333,22.9
2021,2021-12-03,9700,10050,11050,11250,12050,12050,24.4125,29.7
2021,2021-12-06,9700,10050,11050,11250,12050,12050,24.79583333333333,2.2
2021,2021-12-07,9700,10050,11050,11250,12050,12050,24.975,9.5
2021,2021-12-08,9700,10050,11050,11250,12050,12050,25.25,2.0
2021,2021-12-09,9700,10050,11050,11250,12050,12050,24.86666666666666,14.5
2021,2021-12-10,9700,10050,11050,11250,12050,12050,24.29583333333333,16.9
2021,2021-12-13,9700,10150,11100,11350,12100,12100,24.90833333333333,15.9
2021,2021-12-14,9750,10150,11150,11350,12200,12150,24.9,10.9
2021,2021-12-15,9750,10150,11150,11350,12200,12100,25.20416666666667,22.3
2021,2021-12-16,9750,10150,11150,11350,12200,12100,24.43333333333333,18.7
2021,2021-12-17,9650,10000,11250,11400,12200,12100,24.2125,34.6
2021,2021-12-20,9700,10000,11200,11400,12200,12100,25.09583333333333,8.0
2021,2021-12-21,9700,10000,11200,11400,12200,12100,24.8625,5.9
2021,2021-12-22,9700,10000,11200,11400,12200,12100,25.6375,2.5
2021,2021-12-23,9700,10000,11200,11400,12200,12100,25.57916666666667,2.1
2021,2021-12-24,9700,10000,11200,11400,12200,12100,25.86666666666666,0.3
2021,2021-12-27,9750,10050,11200,11400,12200,12100,25.60416666666667,3.4
2021,2021-12-28,9750,10000,11200,11400,12200,12100,25.30833333333333,1.6
2021,2021-12-29,9750,10050,11200,11400,12200,12100,25.71666666666667,1.1
2021,2021-12-30,9750,10050,11200,11450,12200,12100,25.20416666666667,9.0
2021,2021-12-31,9750,10050,11250,11450,12250,12100,23.6125,21.6
2022,2022-01-03,9750,10050,11250,11450,12250,12100,24.75,10.8
2022,2022-01-04,9750,10050,11250,11450,12250,12100,24.97083333333333,17.2
2022,2022-01-05,9750,10050,11250,11450,12250,12100,24.75,20.1
2022,2022-01-06,9750,10050,11250,11450,12250,12100,24.42916666666666,17.3
2022,2022-01-07,9750,10050,11250,11450,12250,12100,25.74583333333333,1.1
2022,2022-01-10,9750,10050,11250,11450,12250,12100,24.41666666666667,20.6
2022,2022-01-11,9750,10050,11250,11450,12250,12100,25.15416666666667,1.0
2022,2022-01-12,9750,10100,11250,11450,12250,12100,25.25833333333334,1.7
2022,2022-01-13,9800,10150,11300,11450,12300,12150,24.69583333333334,3.7
2022,2022-01-14,9800,10150,11300,11450,12300,12150,25.3,0.9
2022,2022-01-17,9800,10150,11300,11450,12300,12150,25.02916666666667,9.5
2022,2022-01-18,9800,10150,11300,11450,12300,12150,24.375,21.8
2022,2022-01-19,9800,10150,11300,11450,12300,12150,25.1875,1.2
2022,2022-01-20,9800,10150,11300,11450,12300,12150,25.90833333333333,2.8
2022,2022-01-21,9800,10150,11300,11450,12300,12150,25.14166666666667,16.2
2022,2022-01-24,9800,10150,11300,11450,12300,12150,24.7125,29.7
2022,2022-01-25,9800,10150,11300,11450,12300,12150,24.525,5.0
2022,2022-01-26,9800,10150,11300,11450,12300,12150,25.07916666666667,0.8
2022,2022-01-27,9850,10150,11300,11450,12300,12200,25.95833333333333,3.8
2022,2022-01-28,9850,10150,11300,11450,12300,12200,25.575,3.5
2022,2022-01-31,9850,10200,11300,11450,12300,12200,25.84166666666667,0.2
2022,2022-02-02,9850,10200,11300,11450,12300,12200,25.61666666666666,3.4
2022,2022-02-03,9850,10200,11300,11450,12300,12250,25.26666666666667,8.799999999999999
2022,2022-02-04,9850,10200,11300,11450,12300,12250,25.6125,2.9
2022,2022-02-07,9850,10200,11300,11450,12300,12250,25.19166666666667,2.8
2022,2022-02-08,9850,10200,11300,11450,12300,12250,25.26666666666667,3.8
2022,2022-02-09,9850,10200,11300,11450,12300,12250,25.575,4.3
2022,2022-02-10,9850,10200,11300,11450,12300,12250,23.54166666666667,38.3
2022,2022-02-11,9850,10200,11300,11450,12300,12250,25.22916666666667,2.0
2022,2022-02-14,9850,10200,11300,11450,12300,12250,25.3125,10.8
2022,2022-02-15,9850,10200,11300,11450,12300,12250,25.4375,34.7
2022,2022-02-16,9850,10200,11300,11450,12300,12250,25.57083333333334,12.3
2022,2022-02-17,9850,10200,11300,11450,12300,12250,26.1875,0.8
2022,2022-02-18,9850,10200,11300,11450,12300,12250,27.4375,0.1
2022,2022-02-21,9850,10200,11300,11450,12300,12250,25.85,9.2
2022,2022-02-22,9850,10200,11300,11450,12300,12250,25.86666666666666,2.0
2022,2022-02-23,9850,10200,11300,11450,12300,12250,25.35,7.6
2022,2022-02-24,9850,10200,11300,11450,12300,12250,24.76666666666667,27.5
2022,2022-02-25,9850,10200,11300,11450,12300,12250,23.77916666666667,49.4
2022,2022-03-01,9850,10200,11300,11450,12300,12250,23.975,20.6
2022,2022-03-02,9850,10200,11300,11500,12300,12250,25.82916666666667,10.2
2022,2022-03-04,9850,10200,11300,11500,12300,12250,25.94166666666667,9.1
2022,2022-03-07,9850,10200,11300,11500,12300,12250,24.56666666666667,22.1
2022,2022-03-08,9800,10200,11300,11450,12300,12300,25.25,24.0
2022,2022-03-09,9800,10200,11300,11450,12300,12300,25.24166666666666,18.7
2022,2022-03-10,9800,10200,11300,11450,12300,12300,25.22083333333333,3.4
2022,2022-03-11,9800,10200,11300,11450,12300,12300,25.39166666666667,7.0
2022,2022-03-14,9800,10200,11300,11450,12300,12300,26.30833333333333,8.5
2022,2022-03-15,9800,10200,11300,11450,12300,12300,26.15,8.7
2022,2022-03-16,9800,10200,11300,11450,12300,12300,25.4875,8.8
2022,2022-03-17,9800,10200,11300,11500,12300,12300,24.93333333333333,23.5
2022,2022-03-18,9800,10200,11300,11500,12300,12300,26.42083333333333,0.0
2022,2022-03-21,9800,10200,11300,11500,12300,12350,25.9625,1.8
2022,2022-03-22,9800,10200,11300,11500,12300,12350,26.26666666666667,4.2
2022,2022-03-23,9800,10200,11300,11500,12300,12350,25.68333333333333,17.4
2022,2022-03-24,9800,10200,11300,11500,12300,12350,25.95833333333333,2.5
2022,2022-03-25,9800,10200,11300,11500,12300,12350,25.90833333333333,12.1
2022,2022-03-28,9800,10200,11300,11500,12300,12350,25.59166666666667,14.0
2022,2022-03-29,9800,10200,11300,11500,12300,12350,26.075,8.9
2022,2022-03-30,9800,10200,11300,11500,12300,12350,26.05416666666666,7.0
2022,2022-03-31,9800,10200,11300,11550,12300,12350,25.60416666666667,14.3
2022,2022-04-01,9800,10200,11300,11550,12300,12350,26.38333333333334,6.9
2022,2022-04-04,9800,10200,11300,11550,12300,12300,25.16666666666667,10.0
2022,2022-04-05,9800,10200,11300,11550,12300,12300,24.75,19.3
2022,2022-04-06,9800,10200,11300,11550,12300,12300,23.95416666666667,11.7
2022,2022-04-07,9800,10200,11300,11500,12300,12300,25.09166666666667,29.5
2022,2022-04-08,9800,10200,11300,11500,12300,12300,25.27083333333333,15.8
2022,2022-04-11,9800,10200,11300,11500,12300,12300,25.92916666666666,9.8
2022,2022-04-12,9800,10200,11300,11500,12300,12300,25.60833333333333,11.3
2022,2022-04-13,9800,10200,11300,11500,12300,12300,25.7875,20.6
2022,2022-04-14,9800,10200,11300,11500,12300,12300,26.30416666666666,4.6
2022,2022-04-18,9800,10200,11300,11500,12300,12300,25.39583333333333,13.5
2022,2022-04-19,9800,10200,11300,11500,12300,12300,25.50416666666667,12.7
2022,2022-04-20,9800,10200,11300,11500,12350,12250,25.15833333333333,2.7
2022,2022-04-21,9800,10200,11300,11550,12350,12250,25.85,7.4
2022,2022-04-22,9800,10200,11300,11550,12350,12250,25.93333333333333,21.8
2022,2022-04-25,9800,10200,11300,11550,12350,12250,26.50833333333334,11.8
2022,2022-04-26,9800,10200,11300,11550,12350,12250,25.65833333333333,6.0
2022,2022-04-27,9800,10200,11300,11550,12350,12250,26.29583333333333,5.800000000000001
2022,2022-04-28,9800,10250,11300,11550,12350,12300,26.82083333333334,4.3
2022,2022-05-09,9800,10200,11300,11550,12300,12250,26.69166666666667,8.0
2022,2022-05-10,9800,10200,11300,11550,12300,12250,27.05,13.5
2022,2022-05-11,9800,10200,11300,11550,12300,12300,26.13333333333334,2.2
2022,2022-05-12,9800,10200,11300,11550,12300,12300,27.23333333333333,1.9
2022,2022-05-13,9800,10200,11300,11550,12300,12300,26.85416666666667,17.3
2022,2022-05-17,9800,10200,11300,11550,12300,12300,26.8125,0.7999999999999999
2022,2022-05-18,9800,10200,11300,11550,12300,12300,26.89166666666667,5.100000000000001
2022,2022-05-19,9800,10200,11300,11550,12300,12300,26.9,0.7
2022,2022-05-20,9800,10200,11300,11550,12300,12300,26.825,1.7
2022,2022-05-23,9800,10200,11300,11550,12300,12300,26.39166666666667,8.4
2022,2022-05-24,9800,10200,11300,11550,12300,12300,26.4875,7.5
2022,2022-05-25,9800,10200,11300,11550,12300,12300,24.7625,5.9
2022,2022-05-27,9800,10200,11300,11550,12300,12300,26.575,4.7
2022,2022-05-30,9800,10200,11300,11550,12300,12300,26.59583333333333,1.1
2022,2022-05-31,9800,10200,11300,11550,12300,12300,26.65,10.6
2022,2022-06-02,9800,10200,11300,11550,12300,12300,25.79166666666667,20.2
2022,2022-06-03,9800,10200,11300,11550,12300,12300,26.675,3.0
2022,2022-06-06,9800,10200,11300,11550,12300,12300,25.29583333333333,22.0
2022,2022-06-07,9800,10200,11300,11550,12300,12300,25.10833333333333,7.9
2022,2022-06-08,9800,10200,11300,11550,12300,12300,25.76666666666667,15.1
2022,2022-06-09,9800,10200,11300,11550,12300,12300,26.32083333333334,11.4
2022,2022-06-10,9800,10200,11300,11550,12300,12300,24.29166666666667,14.7
2022,2022-06-13,9800,10200,11300,11550,12300,12300,26.19166666666667,0.7000000000000001
2022,2022-06-14,9800,10200,11300,11550,12300,12250,25.34583333333333,16.1
2022,2022-06-15,9800,10200,11300,11550,12300,12250,25.70416666666667,22.7
2022,2022-06-16,9800,10200,11300,11550,12300,12250,25.83333333333333,6.9
2022,2022-06-17,9800,10200,11300,11550,12300,12250,26.15416666666667,12.8
2022,2022-06-20,9800,10200,11300,11550,12300,12250,25.89583333333333,2.7
2022,2022-06-21,9800,10200,11300,11550,12300,12250,24.82083333333334,28.8
2022,2022-06-22,9800,10200,11300,11550,12300,12250,24.89583333333333,21.1
2022,2022-06-23,9800,10200,11300,11500,12300,12250,24.7625,12.9
2022,2022-06-24,9800,10200,11300,11500,12300,12250,24.8875,3.4
2022,2022-06-27,9850,10250,11350,11450,12250,12100,25.66666666666667,12.7
2022,2022-06-28,9850,10250,11350,11450,12250,12100,25.625,4.5
2022,2022-06-29,9900,10250,11350,11450,12250,12150,26.13333333333334,14.8
2022,2022-06-30,9900,10250,11350,11450,12250,12150,26.73333333333333,5.4
2022,2022-07-01,9900,10250,11350,11450,12250,12150,27.45416666666667,6.800000000000001
2022,2022-07-04,9900,10250,11350,11450,12250,12150,25.925,9.1
2022,2022-07-05,9900,10250,11350,11450,12250,12150,26.64166666666667,3.4
2022,2022-07-06,9900,10250,11350,11450,12250,12150,26.2625,3.4
2022,2022-07-07,9900,10250,11350,11450,12250,12150,26.85416666666667,1.7
2022,2022-07-08,9900,10250,11350,11450,12250,12150,26.84583333333333,2.4
2022,2022-07-11,9900,10250,11350,11450,12250,12150,26.4875,18.5
2022,2022-07-12,9900,10250,11350,11450,12250,12150,24.92083333333333,10.4
2022,2022-07-13,9900,10250,11350,11450,12250,12150,25.84583333333333,1.5
2022,2022-07-14,9900,10250,11350,11450,12250,12150,26.27916666666667,0.6
2022,2022-07-15,9900,10250,11350,11450,12250,12150,26.83333333333333,5.4
2022,2022-07-18,9900,10250,11350,11450,12250,12150,27.1,0.0
2022,2022-07-19,9900,10250,11350,11450,12250,12150,26.00416666666667,4.7
2022,2022-07-20,10000,10150,11150,11450,12050,12400,26.63333333333334,7.7
2022,2022-07-21,9900,10250,11350,11450,12250,12150,25.95,19.3
2022,2022-07-22,9850,10250,11350,11500,12250,12150,25.425,23.4
2022,2022-07-25,9850,10250,11350,11500,12250,12150,25.18333333333333,28.3
2022,2022-07-26,9850,10250,11350,11500,12250,12150,25.46666666666667,45.6
2022,2022-07-27,9850,10250,11350,11500,12250,12150,25.8375,7.5
2022,2022-07-28,9850,10250,11350,11500,12250,12150,25.85,12.7
2022,2022-07-29,9850,10250,11350,11500,12250,12150,26.17083333333333,6.100000000000001
2022,2022-08-01,9850,10300,11350,11500,12250,12200,25.39583333333333,16.6
2022,2022-08-02,9850,10300,11350,11500,12250,12200,25.3625,14.6
2022,2022-08-03,9850,10350,11350,11500,12250,12200,25.22916666666667,11.0
2022,2022-08-04,9900,10350,11350,11550,12250,12200,24.19166666666667,4.2
2022,2022-08-05,9900,10350,11350,11550,12250,12200,25.85416666666667,1.8
2022,2022-08-08,9900,10400,11400,11550,12250,12250,27.15,1.0
2022,2022-08-09,9900,10400,11400,11550,12250,12250,26.60416666666667,1.6
2022,2022-08-10,9900,10400,11400,11550,12250,12250,26.62083333333333,3.7
2022,2022-08-11,9900,10400,11400,11550,12300,12250,26.84583333333333,3.2
2022,2022-08-12,9900,10400,11400,11550,12300,12250,26.88333333333334,4.6
2022,2022-08-15,9900,10400,11400,11550,12300,12250,26.14166666666667,28.1
2022,2022-08-16,9900,10400,11400,11550,12300,12300,25.15833333333333,3.3
2022,2022-08-18,9900,10400,11400,11550,12300,12300,25.5,6.4
2022,2022-08-19,9900,10400,11400,11550,12300,12300,26.20416666666667,0.6000000000000001
2022,2022-08-22,9900,10400,11400,11550,12300,12400,25.525,20.3
2022,2022-08-23,9900,10400,11400,11550,12300,12400,24.8,33.2
2022,2022-08-24,9900,10400,11400,11550,12300,12400,25.40833333333333,20.8
2022,2022-08-25,9900,10400,11400,11550,12300,12400,25.39583333333333,36.1
2022,2022-08-26,9900,10400,11400,11550,12300,12400,25.675,2.7
2022,2022-08-29,9950,10500,11400,11600,12300,12400,25.6875,0.4
2022,2022-08-30,9950,10550,11450,11600,12350,12500,25.15416666666667,15.1
2022,2022-08-31,9950,10550,11450,11600,12350,12500,25.6875,6.399999999999999
2022,2022-09-01,9950,10550,11450,11600,12350,12500,25.04166666666667,19.1
2022,2022-09-02,9950,10550,11450,11600,12350,12500,25.325,11.3
2022,2022-09-05,10050,10650,11600,11650,12450,12500,26.70833333333333,0.0
2022,2022-09-06,10050,10650,11600,11650,12450,12500,26.50416666666667,19.1
2022,2022-09-07,10050,10700,11600,11650,12450,12500,26.05833333333333,7.2
2022,2022-09-08,10050,10700,11600,11650,12450,12600,25.54166666666667,6.3
2022,2022-09-09,10050,10700,11600,11650,12450,12650,26.62916666666667,0.0
2022,2022-09-12,10100,10750,11700,11750,12500,12700,26.17083333333333,7.2
2022,2022-09-13,10100,10750,11700,11750,12500,12700,25.9625,11.2
2022,2022-09-14,10100,10750,11700,11750,12500,12700,25.4375,13.7
2022,2022-09-15,10100,10750,11700,11750,12500,12700,25.20416666666667,1.8
2022,2022-09-16,10100,10750,11700,11750,12500,12700,25.6,15.7
2022,2022-09-19,10050,10750,11750,11750,12500,12700,26.15,0.4
2022,2022-09-20,10100,10800,11800,11800,12550,12800,25.4375,17.9
2022,2022-09-21,10100,10800,11800,11800,12550,12800,25.375,54.0
2022,2022-09-22,10100,10800,11800,11800,12550,12800,25.23333333333333,5.7
2022,2022-09-23,10100,10800,11800,11800,12550,12800,25.17916666666666,29.5
2022,2022-09-26,10100,10800,11800,11850,12550,12750,25.79583333333333,2.4
2022,2022-09-27,10100,10800,11800,11850,12550,12750,25.43333333333333,25.2
2022,2022-09-28,10100,10800,11800,11850,12550,12750,25.1,8.5
2022,2022-09-29,10100,10800,11800,11850,12550,12750,25.5375,34.5
2022,2022-09-30,10100,10800,11800,11850,12550,12750,25.275,31.6
2022,2022-10-03,10300,10850,11800,11900,12550,12700,25.275,16.2
2022,2022-10-04,10250,10800,11800,11850,12550,12700,25.25,39.7
2022,2022-10-05,10250,10800,11800,11850,12550,12700,24.86666666666666,13.5
2022,2022-10-06,10300,10800,11800,11850,12550,12700,24.96666666666667,0.9
2022,2022-10-07,10250,10800,11800,11900,12550,12700,24.12916666666667,11.1
2022,2022-10-10,10300,10850,11850,11950,12650,12750,25.65,4.5
2022,2022-10-11,10300,10850,11850,11950,12650,12750,25.43333333333333,24.5
2022,2022-10-12,10300,10850,11850,11950,12650,12750,25.04166666666667,8.3
2022,2022-10-13,10300,10850,11850,11950,12650,12750,24.85,8.7
2022,2022-10-14,10300,10850,11850,11950,12650,12750,24.59583333333333,21.5
2022,2022-10-17,10250,10800,11750,11950,12600,12700,25.7875,33.3
2022,2022-10-18,10250,10800,11750,11950,12600,12700,25.94166666666667,10.1
2022,2022-10-19,10250,10800,11750,11950,12600,12700,26.17916666666666,8.9
2022,2022-10-20,10250,10800,11750,11950,12600,12700,26.18333333333333,9.2
2022,2022-10-21,10250,10800,11750,11950,12600,12700,25.89583333333333,7.399999999999999
2022,2022-10-24,10250,10800,11750,11950,12600,12700,24.925,33.6
2022,2022-10-25,10250,10800,11750,11950,12600,12700,24.52916666666667,13.5
2022,2022-10-26,10250,10800,11750,11950,12600,12700,24.60833333333333,9.9
2022,2022-10-27,10250,10800,11750,11950,12600,12700,25.43333333333333,6.5
2022,2022-10-28,10250,10800,11750,11950,12600,12700,25.17916666666666,9.5
2022,2022-10-31,10250,10750,11750,11950,12600,12700,24.4375,26.4
2022,2022-11-01,10250,10750,11750,11950,12600,12700,24.59166666666667,12.5
2022,2022-11-02,10250,10750,11750,11950,12600,12700,24.8375,29.0
2022,2022-11-03,10250,10750,11750,11950,12600,12700,24.775,22.8
2022,2022-11-04,10250,10750,11750,11950,12600,12700,24.4875,21.6
2022,2022-11-07,10300,10800,11800,12000,12700,12750,24.89166666666667,10.6
2022,2022-11-08,10300,10800,11800,12000,12700,12750,24.875,30.5
2022,2022-11-09,10300,10800,11800,12000,12700,12750,24.89583333333333,11.4
2022,2022-11-10,10300,10800,11800,12000,12700,12750,24.43333333333333,37.2
2022,2022-11-11,10300,10800,11800,12000,12700,12750,23.8,35.1
2022,2022-11-14,10300,10850,11900,12000,12650,12750,24.7875,20.7
2022,2022-11-15,10300,10850,11900,12000,12650,12750,24.54166666666667,33.7
2022,2022-11-16,10300,10850,11900,12000,12650,12750,25.24583333333333,11.6
2022,2022-11-17,10300,10850,11900,12000,12650,12750,25.37083333333333,11.9
2022,2022-11-18,10300,10850,11900,12000,12650,12750,25.25416666666667,31.2
2022,2022-11-21,10300,10850,11900,12000,12650,12750,24.9,22.6
2022,2022-11-22,10300,10850,11900,12000,12650,12750,25.3875,20.7
2022,2022-11-23,10300,10850,11900,12000,12650,12750,25.90833333333333,11.4
2022,2022-11-24,10300,10850,11900,12000,12650,12750,25.36666666666666,31.1
2022,2022-11-25,10300,10850,11900,12000,12650,12750,25.16666666666667,14.5
2022,2022-11-28,10300,10850,11900,12000,12650,12750,25.35833333333333,9.9
2022,2022-11-29,10300,10850,11900,12000,12600,12750,25.175,27.3
2022,2022-11-30,10300,10850,11900,12000,12600,12750,25.17916666666666,11.3
2022,2022-12-01,10300,10850,11900,12000,12600,12750,23.77083333333333,12.7
2022,2022-12-02,10300,10850,11900,12000,12600,12750,24.5125,3.0
2022,2022-12-05,10300,10850,11900,12000,12600,12750,24.9,15.5
2022,2022-12-06,10300,10850,11900,12000,12600,12750,24.9375,1.7
2022,2022-12-07,10300,10850,11900,12000,12600,12750,25.13333333333334,12.7
2022,2022-12-08,10300,10900,11950,12000,12600,12800,24.38333333333334,16.5
2022,2022-12-09,10300,10900,11950,12000,12600,12800,23.4,23.4
2022,2022-12-12,10350,10950,11950,12050,12650,12800,23.54583333333333,31.8
2022,2022-12-13,10350,10950,11950,12050,12650,12800,24.3125,39.5
2022,2022-12-14,10350,11000,12000,12100,12700,12850,23.675,68.0
2022,2022-12-15,10350,11000,12000,12100,12700,12850,24.325,33.3
2022,2022-12-16,10350,11000,12000,12100,12700,12850,24.35833333333333,15.4
2022,2022-12-19,10400,11050,12050,12100,12700,12900,24.61666666666666,33.7
2022,2022-12-20,10400,11050,12000,12100,12750,12900,24.69166666666667,12.7
2022,2022-12-21,10450,11100,12050,12150,12800,12950,24.45,19.5
2022,2022-12-22,10650,11000,11850,12200,12700,13100,23.625,11.4
2022,2022-12-23,10450,11100,12050,12150,12800,12950,24.73333333333333,17.9
2022,2022-12-26,10450,11100,12050,12150,12800,12950,24.75416666666667,3.7
2022,2022-12-27,10450,11100,12050,12150,12800,12950,24.31666666666667,14.8
2022,2022-12-28,10500,11100,12050,12150,12800,12950,24.88333333333334,5.600000000000001
2022,2022-12-29,10500,11100,12050,12150,12800,12950,23.99583333333333,14.0
2022,2022-12-30,10500,11100,12050,12150,12800,12950,24.32916666666667,1.4
2023,2023-01-02,10450,11100,12050,12150,12800,12950,24.9375,13.7
2023,2023-01-03,10450,11100,12050,12150,12800,12950,24.4625,9.5
2023,2023-01-04,10450,11100,12050,12150,12800,12950,24.975,5.0
2023,2023-01-05,10450,11100,12050,12150,12800,12950,24.99583333333333,7.5
2023,2023-01-06,10500,11100,12050,12150,12800,12950,25.525,0.8
2023,2023-01-09,10500,11150,12100,12200,12800,13050,25.2,11.8
2023,2023-01-10,10550,11150,12100,12250,12850,13050,24.82916666666667,9.5
2023,2023-01-11,10550,11150,12100,12250,12850,13050,24.6375,14.5
2023,2023-01-12,10600,11200,12100,12250,12850,13050,24.7875,15.9
2023,2023-01-13,10600,11200,12100,12250,12850,13050,24.825,10.9
2023,2023-01-16,10700,11400,12250,12450,13050,13300,24.2125,6.3
2023,2023-01-17,10800,11600,12400,12600,13200,13450,24.29166666666667,1.1
2023,2023-01-18,10800,11600,12400,12600,13200,13450,24.44166666666667,0.6000000000000001
2023,2023-01-19,10800,11600,12450,12600,13200,13500,24.56666666666667,4.6
2023,2023-01-20,10900,11650,12450,12700,13200,13500,24.75,10.8
2023,2023-01-23,10900,11650,12450,12700,13200,13500,24.41666666666667,11.2
2023,2023-01-24,10950,11700,12450,12750,13300,13550,24.09166666666667,7.399999999999999
2023,2023-01-25,11000,11750,12550,12800,13350,13650,25.28333333333333,2.4
2023,2023-01-26,11000,11800,12550,12800,13400,13650,25.00416666666667,14.9
2023,2023-01-27,11050,11800,12550,12850,13400,13650,24.53333333333333,22.5
2023,2023-01-30,11100,11900,12700,12950,13400,13650,24.75416666666667,8.8
2023,2023-01-31,11200,12050,12750,13000,13450,13750,24.35,23.9
2023,2023-02-01,11200,12050,12750,13000,13450,13750,24.47916666666667,14.9
2023,2023-02-02,11200,12050,12750,13000,13450,13750,25.1125,8.8
2023,2023-02-03,11200,12050,12750,13000,13450,13750,24.91666666666667,6.899999999999999
2023,2023-02-06,11200,12050,12750,13000,13450,13700,24.00833333333334,8.9
2023,2023-02-07,11100,11950,12750,13000,13450,13700,25.12083333333333,8.6
2023,2023-02-08,11050,11900,12750,13000,13450,13700,23.99583333333333,17.9
2023,2023-02-09,11050,11900,12750,13000,13450,13700,25.3,8.4
2023,2023-02-10,11050,11900,12800,13000,13450,13700,25.05833333333333,16.8
2023,2023-02-13,11150,12050,12850,13100,13550,13800,24.54583333333333,8.1
2023,2023-02-14,11150,12050,12850,13100,13550,13800,25.50416666666667,3.0
2023,2023-02-15,11150,12050,12850,13100,13550,13800,25.45833333333333,4.1
2023,2023-02-16,11150,12050,12850,13100,13550,13800,25.2875,2.3
2023,2023-02-17,11150,12050,12850,13100,13550,13800,25.57916666666667,4.899999999999999
2023,2023-02-20,11150,12050,12850,13100,13550,13800,25.175,2.1
2023,2023-02-21,11150,12000,12850,13100,13550,13800,25.24166666666666,4.4
2023,2023-02-22,11150,12000,12850,13100,13550,13800,24.74166666666666,10.7
2023,2023-02-23,11150,12000,12850,13100,13550,13800,25.0625,15.6
2023,2023-02-24,11150,12000,12850,13100,13550,13800,24.9875,8.5
2023,2023-02-27,10950,11750,12650,12950,13500,13800,25.21666666666667,0.1
2023,2023-02-28,10950,11750,12650,12950,13500,13800,24.325,16.9
2023,2023-03-01,10950,11750,12650,12950,13500,13800,23.32083333333334,15.9
2023,2023-03-02,10950,11750,12650,12950,13500,13800,25.25,8.6
2023,2023-03-03,10950,11750,12650,12950,13500,13750,24.22083333333333,33.2
2023,2023-03-06,10950,11750,12650,12950,13500,13750,24.52916666666667,0.8
2023,2023-03-07,10950,11750,12650,12950,13450,13750,25.65833333333333,0.5
2023,2023-03-08,10950,11750,12650,12950,13450,13750,25.87083333333333,1.8
2023,2023-03-09,10950,11700,12650,12950,13400,13700,25.10416666666667,9.0
2023,2023-03-10,10950,11700,12650,12950,13400,13700,24.89583333333333,5.7
2023,2023-03-13,10900,11700,12650,12950,13400,13700,24.82916666666667,5.3
2023,2023-03-14,10900,11700,12650,12950,13400,13700,25.5375,2.9
2023,2023-03-15,10950,11750,12600,12950,13400,13700,25.57916666666667,1.9
2023,2023-03-16,10950,11750,12600,12950,13400,13700,25.23333333333333,1.4
2023,2023-03-17,10950,11750,12600,12950,13400,13700,25.81666666666667,3.4
2023,2023-03-20,10950,11750,12600,12900,13400,13700,25.57083333333334,5.600000000000001
2023,2023-03-21,10950,11750,12600,12900,13400,13700,25.43333333333333,1.5
2023,2023-03-22,10950,11750,12600,12900,13400,13700,26.375,10.5
2023,2023-03-23,10950,11750,12600,12900,13400,13700,25.025,21.1
2023,2023-03-24,10950,11750,12600,12900,13400,13700,24.80416666666666,8.4
2023,2023-03-27,10950,11750,12600,12900,13400,13700,25.375,12.9
2023,2023-03-28,10950,11750,12600,12900,13400,13700,25.60833333333333,4.2
2023,2023-03-29,11000,11750,12600,12900,13400,13700,26.02083333333333,2.6
2023,2023-03-30,11000,11750,12600,12900,13400,13700,25.625,1.0
2023,2023-03-31,11000,11750,12600,12900,13400,13700,26.02916666666667,1.0
2023,2023-04-03,11000,11750,12600,12900,13400,13700,24.375,8.7
2023,2023-04-04,11000,11750,12600,12900,13400,13700,26.55,4.3
2023,2023-04-05,11000,11750,12600,12900,13400,13700,25.7125,13.9
2023,2023-04-06,11000,11700,12600,12900,13400,13700,25.94166666666667,0.0
2023,2023-04-07,11100,12100,12650,13150,13400,13850,25.48333333333333,14.8
2023,2023-04-10,11000,11700,12600,12900,13400,13700,25.79583333333333,13.5
2023,2023-04-11,11000,11700,12600,12900,13400,13700,26.20416666666667,2.6
2023,2023-04-12,11000,11700,12600,12900,13400,13700,26.76666666666667,1.1
2023,2023-04-13,11000,11700,12600,12900,13400,13700,27.25833333333334,1.8
2023,2023-04-14,11000,11700,12600,12900,13400,13700,26.74166666666666,1.2
2023,2023-04-17,10950,11700,12600,12900,13400,13700,26.90416666666667,0.7
2023,2023-04-18,10950,11700,12600,12900,13400,13800,26.35416666666667,3.7
2023,2023-04-19,11250,11600,12500,13100,13450,13950,25.8,17.6
2023,2023-04-20,11250,11600,12500,13100,13450,13950,25.67916666666666,2.9
2023,2023-04-21,11450,12100,12500,13450,13350,14200,25.87083333333333,18.1
2023,2023-04-24,11250,11600,12500,13100,13450,13950,25.29583333333333,24.6
2023,2023-04-25,11250,11600,12500,13100,13450,13950,26.05833333333333,6.399999999999999
2023,2023-04-26,10950,11700,12600,12900,13400,13800,26.55,1.5
2023,2023-04-27,11000,11750,12650,12950,13400,13800,25.72916666666667,22.2
2023,2023-04-28,11000,11750,12650,12950,13400,13800,25.47083333333333,19.6
2023,2023-05-01,11550,12150,12500,13450,13350,14200,26.35,6.1
2023,2023-05-02,11050,11800,12700,13000,13450,13750,26.30833333333333,20.8
2023,2023-05-03,11050,11800,12700,13000,13450,13750,26.02083333333333,9.700000000000001
2023,2023-05-04,11050,11800,12700,13000,13450,13750,25.93333333333333,15.3
2023,2023-05-05,11050,11800,12700,13000,13450,13750,25.72916666666667,11.0
2023,2023-05-08,11000,11750,12650,12950,13400,13800,27.1375,7.1
2023,2023-05-09,11000,11750,12650,12950,13400,13800,27.75416666666667,0.0
2023,2023-05-10,11000,11750,12650,12950,13400,13800,26.875,15.4
2023,2023-05-11,11000,11750,12650,12950,13400,13800,28.09583333333333,0.5
2023,2023-05-12,11000,11750,12650,12950,13400,13800,28.11666666666666,6.100000000000001
2023,2023-05-15,11000,11750,12650,12950,13400,13800,26.35833333333333,6.399999999999999
2023,2023-05-16,11000,11750,12650,12950,13400,13800,26.98333333333333,1.7
2023,2023-05-17,11000,11750,12650,12950,13400,13800,26.04583333333333,12.0
2023,2023-05-18,11000,11750,12650,12950,13400,13800,26.49166666666666,18.7
2023,2023-05-19,11050,11750,12650,12900,13450,13850,25.90833333333333,5.100000000000001
2023,2023-05-22,11050,11800,12650,12950,13450,13900,26.0,15.0
2023,2023-05-23,11050,11800,12650,12950,13450,13900,26.0375,13.1
2023,2023-05-24,11150,11750,12600,12950,13500,13800,25.94166666666667,8.9
2023,2023-05-25,11150,11750,12600,12950,13500,13800,26.31666666666667,5.9
2023,2023-05-26,11150,11750,12600,12950,13500,13800,25.69166666666667,23.1
2023,2023-05-29,11150,11750,12600,12950,13500,13800,26.75833333333334,3.3
2023,2023-05-30,11150,11750,12600,12950,13500,13800,27.04166666666667,2.3
2023,2023-05-31,11150,11750,12600,12950,13500,13800,27.21666666666667,14.7
2023,2023-06-01,11350,11700,12550,13100,13500,14050,26.61666666666666,4.2
2023,2023-06-02,11350,11700,12550,13100,13500,14050,27.22916666666667,4.0
2023,2023-06-05,11200,11750,12650,13000,13450,13750,26.77083333333333,6.6
2023,2023-06-06,11150,11750,12600,12950,13450,13700,26.23333333333333,10.3
2023,2023-06-07,11150,11750,12600,12950,13450,13700,26.8375,2.6
2023,2023-06-08,11150,11750,12600,12950,13450,13700,27.43333333333333,0.0
2023,2023-06-09,11150,11750,12600,12950,13450,13700,27.24166666666666,14.3
2023,2023-06-12,11100,11750,12600,13000,13450,13700,26.9375,5.6
2023,2023-06-13,11100,11750,12600,12950,13450,13700,27.175,2.8
2023,2023-06-14,11100,11750,12600,12950,13450,13700,26.8625,7.7
2023,2023-06-15,11100,11750,12600,12950,13450,13700,26.77083333333333,5.5
2023,2023-06-16,11100,11750,12600,12950,13450,13700,27.14583333333333,0.2
2023,2023-06-19,11100,11750,12600,12950,13450,13700,26.47916666666667,7.6
2023,2023-06-20,11100,11750,12600,12950,13450,13700,27.14583333333333,0.3
2023,2023-06-21,11100,11750,12600,12950,13450,13700,26.72916666666667,2.1
2023,2023-06-22,11100,11750,12600,12950,13450,13700,25.40833333333333,22.6
2023,2023-06-23,11100,11750,12600,12950,13450,13700,25.82083333333334,13.4
2023,2023-06-26,11100,11750,12600,12950,13450,13700,25.79583333333333,8.2
2023,2023-06-27,11100,11750,12600,12950,13450,13700,25.325,18.2
2023,2023-06-28,11250,11700,12550,13100,13450,13850,25.75,7.100000000000001
2023,2023-06-29,11250,11700,12550,13100,13450,13850,25.65,32.1
2023,2023-06-30,11250,11700,12550,13100,13450,13850,25.24166666666666,6.6
2023,2023-07-03,11100,11750,12600,12950,13450,13700,27.525,0.0
2023,2023-07-04,11100,11750,12600,12950,13450,13700,27.1,4.7
2023,2023-07-05,11100,11750,12600,12950,13450,13700,25.82083333333334,9.700000000000001
2023,2023-07-06,11100,11750,12600,12950,13450,13700,26.41666666666667,0.1
2023,2023-07-07,11100,11750,12600,12950,13450,13700,26.17916666666666,12.5
2023,2023-07-10,11100,11750,12600,12950,13450,13700,25.44583333333334,8.1
2023,2023-07-11,11100,11750,12600,12950,13450,13700,25.975,1.5
2023,2023-07-12,11100,11750,12600,12950,13450,13700,25.67083333333333,11.8
2023,2023-07-13,11100,11750,12600,12950,13450,13700,25.49166666666666,21.5
2023,2023-07-14,11000,11750,12650,12950,13450,13700,25.0875,0.2
2023,2023-07-17,11000,11750,12650,12950,13450,13700,26.29166666666667,3.1
2023,2023-07-18,11000,11750,12650,12950,13450,13700,26.17083333333333,7.7
2023,2023-07-19,11350,12150,12600,13450,13350,14150,25.26666666666667,22.7
2023,2023-07-20,11000,11750,12650,12950,13450,13750,26.56666666666667,11.1
2023,2023-07-21,11000,11750,12650,12950,13450,13750,26.29166666666667,26.5
2023,2023-07-24,11050,11750,12700,13000,13450,13750,27.03333333333333,0.4
2023,2023-07-25,11050,11750,12700,13000,13450,13750,27.34583333333333,1.2
2023,2023-07-26,11050,11750,12700,13000,13450,13750,27.39583333333333,4.399999999999999
2023,2023-07-27,11050,11700,12650,12950,13400,13700,27.03333333333333,2.2
2023,2023-07-28,11050,11700,12650,12950,13400,13700,27.42083333333333,1.1
2023,2023-07-31,11050,11750,12650,12950,13400,13700,25.7,20.3
2023,2023-08-01,11050,11750,12650,12950,13400,13700,25.61666666666666,16.8
2023,2023-08-02,11050,11750,12650,12950,13400,13700,26.975,1.9
2023,2023-08-03,11050,11750,12650,12950,13400,13700,26.525,2.6
2023,2023-08-04,11050,11750,12650,12950,13400,13700,26.4125,3.3
2023,2023-08-07,11050,11750,12650,12950,13400,13700,25.52083333333333,23.0
2023,2023-08-08,11100,11750,12650,12950,13450,13750,25.79583333333333,6.7
2023,2023-08-09,11100,11750,12700,13000,13450,13800,25.80833333333333,23.6
2023,2023-08-10,11100,11750,12700,13000,13450,13800,25.3,2.6
2023,2023-08-11,11100,11750,12700,13000,13450,13800,25.75416666666667,23.3
2023,2023-08-14,11100,11750,12700,13000,13450,13800,25.40833333333333,19.2
2023,2023-08-15,11100,11750,12700,13000,13450,13800,25.60833333333333,32.5
2023,2023-08-16,11150,11800,12700,13050,13500,13800,25.125,28.0
2023,2023-08-17,11150,11650,12600,13100,13400,13900,24.43333333333333,33.6
2023,2023-08-18,11150,11800,12750,13050,13600,13850,25.7875,12.6
2023,2023-08-21,11200,11850,12800,13050,13600,13850,25.76666666666667,3.3
2023,2023-08-22,11200,11850,12800,13050,13600,13850,26.13333333333334,8.200000000000001
2023,2023-08-23,11200,11900,12800,13050,13600,13850,25.20416666666667,15.5
2023,2023-08-24,11200,11900,15800,13050,13600,13850,24.07916666666667,21.8
2023,2023-08-25,11200,11900,12700,13050,13600,13850,25.79166666666667,28.3
2023,2023-08-28,11300,11950,12850,13150,13650,13950,25.65833333333333,9.200000000000001
2023,2023-08-29,11300,11950,12850,13150,13650,13950,25.85,18.9
2023,2023-08-30,11450,12000,12900,13150,13650,13950,26.025,2.6
2023,2023-08-31,11450,12000,13000,13250,13700,14000,26.06666666666667,1.3
2023,2023-09-01,11450,12000,13000,13250,13750,14000,26.25416666666667,1.2
2023,2023-09-04,11500,12100,13000,13250,13750,14050,25.48333333333333,16.4
2023,2023-09-05,11500,12100,13000,13250,13750,14050,25.22083333333333,16.4
2023,2023-09-06,11500,12100,13000,13250,13750,14050,25.625,10.6
2023,2023-09-07,11500,12100,13000,13300,13800,14100,26.60416666666667,0.0
2023,2023-09-08,11500,12100,13050,13300,13800,14100,27.5125,0.1
2023,2023-09-11,11500,12100,13050,13300,13850,14200,26.57083333333334,11.3
2023,2023-09-12,11650,12300,13200,13450,14000,14400,26.11666666666666,20.0
2023,2023-09-13,11650,12300,13200,13450,14000,14400,26.65833333333333,2.1
2023,2023-09-14,11650,12300,13200,13450,14000,14400,26.68333333333333,6.1
2023,2023-09-15,11650,12300,13250,13500,14000,14400,26.20416666666667,27.7
2023,2023-09-18,11650,12300,13250,13500,14000,14400,26.54583333333333,4.6
2023,2023-09-19,11700,12300,13300,13550,14050,14450,26.04166666666667,22.4
2023,2023-09-20,11700,12300,13300,13550,14000,14450,24.83333333333333,28.5
2023,2023-09-21,11650,12250,13250,13550,13950,14400,25.41666666666667,10.1
2023,2023-09-22,11700,12350,13300,13550,14000,14400,24.91666666666667,9.1
2023,2023-09-25,11700,12350,13300,13550,14000,14400,25.4375,18.6
2023,2023-09-26,11700,12350,13300,13550,14000,14400,26.175,3.0
2023,2023-09-27,11700,12350,13300,13550,13950,14350,26.01666666666667,24.2
2023,2023-09-28,11750,12150,13300,13700,14000,14550,26.57083333333334,6.4
2023,2023-09-29,11700,12350,13300,13550,13950,14350,26.1875,21.8
2023,2023-10-02,11800,12450,13350,13600,14000,14400,25.60833333333333,29.2
2023,2023-10-03,11800,12450,13350,13550,14000,14400,25.67916666666666,16.7
2023,2023-10-04,11800,12450,13350,13550,14000,14400,25.90833333333333,5.4
2023,2023-10-05,11800,12450,13350,13550,14000,14400,25.25,31.2
2023,2023-10-06,11800,12450,13350,13550,14000,14400,25.9875,5.9
2023,2023-10-09,11750,12450,13350,13550,14000,14500,26.225,3.9
2023,2023-10-10,11750,12450,13350,13550,14000,14500,25.38333333333334,38.5
2023,2023-10-11,11750,12450,13350,13550,14000,14500,25.06666666666667,26.7
2023,2023-10-12,11750,12450,13350,13550,14000,14500,25.30833333333333,25.7
2023,2023-10-13,11750,12450,13350,13550,14000,14500,26.02083333333333,12.7
2023,2023-10-16,11750,12450,13350,13550,14000,14500,25.29583333333333,39.0
2023,2023-10-17,11750,12450,13350,13550,14000,14500,25.05,12.1
2023,2023-10-18,11750,12450,13400,13650,14050,14400,25.82083333333334,8.1
2023,2023-10-19,11750,12450,13400,13650,14050,14400,25.59583333333333,18.1
2023,2023-10-20,11750,12450,13400,13650,14050,14400,25.24583333333333,16.6
2023,2023-10-23,11750,12450,13400,13650,14050,14400,25.64166666666667,13.4
2023,2023-10-24,11750,12450,13400,13650,14050,14400,24.65833333333333,15.2
2023,2023-10-25,11750,12450,13400,13650,14050,14400,25.5375,17.3
2023,2023-10-26,11850,12550,13450,13650,14100,14400,25.36666666666666,27.6
2023,2023-10-27,11850,12550,13450,13650,14100,14400,25.11666666666666,16.8
2023,2023-10-30,11850,12550,13450,13650,14100,14400,25.59583333333333,9.0
2023,2023-10-31,11850,12550,13450,13650,14100,14400,25.3625,14.1
2023,2023-11-01,11850,12550,13450,13650,14100,14400,25.03333333333333,27.5
2023,2023-11-02,11850,12550,13450,13650,14100,14400,24.87916666666667,11.4
2023,2023-11-03,11850,12550,13450,13650,14100,14400,25.7875,10.4
2023,2023-11-06,11850,12550,13450,13650,14100,14400,25.91666666666667,7.0
2023,2023-11-07,11850,12550,13450,13650,14100,14400,25.17916666666666,20.1
2023,2023-11-08,11850,12550,13450,13650,14100,14400,25.14583333333333,20.4
2023,2023-11-09,11850,12550,13450,13650,14100,14400,24.7875,19.1
2023,2023-11-10,11850,12550,13450,13650,14100,14400,26.02916666666667,9.8
2023,2023-11-13,11850,12550,13450,13650,14100,14400,25.77083333333333,14.2
2023,2023-11-14,11850,12550,13450,13650,14100,14400,25.47083333333333,8.799999999999999
2023,2023-11-15,11850,12550,13450,13650,14100,14400,25.26666666666667,13.7
2023,2023-11-16,11850,12550,13450,13650,14100,14400,26.1125,7.5
2023,2023-11-17,11850,12550,13450,13650,14100,14400,25.825,8.2
2023,2023-11-20,11850,12550,13450,13650,14100,14400,25.4625,27.4
2023,2023-11-21,11850,12550,13450,13650,14100,14400,24.65833333333333,39.2
2023,2023-11-22,11850,12550,13450,13650,14100,14400,24.52083333333333,20.5
2023,2023-11-23,11850,12550,13450,13650,14100,14400,24.44166666666667,33.8
2023,2023-11-24,11850,12550,13450,13650,14100,14400,24.19166666666667,14.9
2023,2023-11-27,11850,12550,13450,13650,14100,14400,25.73333333333333,9.3
2023,2023-11-28,11850,12550,13450,13650,14100,14400,25.17916666666666,29.9
2023,2023-11-29,11850,12550,13450,13650,14100,14400,25.11666666666666,27.5
2023,2023-11-30,11850,12550,13450,13650,14100,14400,25.20833333333333,17.5
2023,2023-12-01,11850,12550,13500,13750,14150,14450,25.39166666666667,37.8
2023,2023-12-04,11850,12550,13500,13750,14150,14450,25.55833333333333,17.8
2023,2023-12-05,11850,12550,13550,13750,14150,14500,25.4,27.1
2023,2023-12-06,11850,12550,13550,13750,14150,14500,25.3125,15.6
2023,2023-12-07,11850,12550,13550,13750,14150,14500,24.64583333333333,15.8
2023,2023-12-08,11850,12550,13550,13750,14150,14500,25.4125,4.4
2023,2023-12-11,11850,12550,13550,13750,14150,14500,25.025,18.9
2023,2023-12-12,11850,12550,13550,13750,14150,14500,25.00833333333334,18.6
2023,2023-12-13,11850,12550,13550,13750,14150,14500,25.0375,40.8
2023,2023-12-14,11850,12550,13550,13750,14150,14500,25.375,6.7
2023,2023-12-15,11850,12550,13550,13750,14150,14500,24.79166666666667,18.3
2023,2023-12-18,11850,12550,13550,13750,14150,14500,25.07083333333334,13.5
2023,2023-12-19,11850,12550,13550,13750,14150,14500,25.96666666666667,2.5
2023,2023-12-20,11850,12550,13550,13750,14150,14500,25.525,11.5
2023,2023-12-21,11850,12550,13550,13750,14150,14500,25.83333333333333,5.0
2023,2023-12-22,11850,12550,13550,13750,14150,14500,25.12083333333333,34.7
2023,2023-12-27,11850,12550,13550,13750,14150,14500,25.07083333333334,22.4
2023,2023-12-28,11850,12550,13550,13750,14150,14500,25.27083333333333,9.9
2023,2023-12-29,11850,12550,13550,13750,14150,14500,24.74583333333333,28.7
2024,2024-01-01,11850,12550,13550,13750,14150,14500,25.5875,8.9
2024,2024-01-02,11850,12550,13550,13750,14150,14500,26.0,8.2
2024,2024-01-03,11850,12600,13550,13750,14150,14500,25.27083333333333,14.2
2024,2024-01-04,11900,12600,13700,13800,14250,14550,25.97916666666667,2.6
2024,2024-01-05,11900,12600,13700,13850,14300,14550,25.61666666666666,16.7
2024,2024-01-08,11950,12650,13700,13850,14300,14550,24.84583333333333,25.6
2024,2024-01-09,11950,12650,13700,13850,14300,14550,25.34166666666667,8.1
2024,2024-01-10,11950,12650,13700,13850,14300,14550,25.13333333333334,10.8
2024,2024-01-11,11950,12650,13700,13850,14300,14550,25.925,2.3
2024,2024-01-12,11950,12650,13700,13850,14300,14550,25.8375,1.9
2024,2024-01-15,11950,12650,13700,13850,14300,14550,26.3125,0.2
2024,2024-01-16,11950,12650,13700,13850,14300,14550,25.1875,33.7
2024,2024-01-17,11950,12650,13700,13850,14300,14550,25.225,29.0
2024,2024-01-18,11950,12650,13700,13850,14300,14550,25.2125,11.0
2024,2024-01-19,11950,12650,13700,13850,14300,14550,25.22916666666667,9.8
2024,2024-01-22,11950,12650,13700,13850,14300,14550,26.29583333333333,0.0
2024,2024-01-23,11950,12650,13700,13850,14300,14550,25.7,6.8
2024,2024-01-24,11950,12650,13800,13900,14400,14700,25.4625,23.2
2024,2024-01-25,11950,12650,13800,13900,14400,14700,25.36666666666666,30.2
2024,2024-01-26,11950,12650,13800,13900,14400,14700,25.14166666666667,56.7
2024,2024-01-29,11950,12650,13750,13900,14400,14700,25.17083333333333,6.1
2024,2024-01-30,12100,12750,13900,14000,14500,14850,25.9625,1.2
2024,2024-01-31,12100,12750,13900,14000,14500,14850,26.58333333333333,0.7
2024,2024-02-01,12100,12750,13900,14000,14500,14850,26.1375,4.4
2024,2024-02-02,12100,12750,13900,14000,14500,14850,25.925,2.9
2024,2024-02-05,12100,12750,13900,14000,14500,14850,27.35833333333333,0.2
2024,2024-02-06,12100,12750,13900,14000,14500,14850,27.17083333333333,0.5
2024,2024-02-07,12100,12750,13900,14000,14500,14850,26.99583333333333,0.7
2024,2024-02-08,12100,12750,13900,14000,14500,14850,26.9875,3.5
2024,2024-02-09,12100,12750,13900,14000,14500,14850,26.57083333333334,2.0
2024,2024-02-12,12000,12750,13900,13950,14500,14850,25.525,1.6
2024,2024-02-13,12000,12750,13900,13950,14500,14850,26.5375,0.9
2024,2024-02-14,12000,12750,13900,13950,14500,14850,26.69166666666667,2.5
2024,2024-02-15,12000,12750,13900,13950,14500,14850,25.44583333333334,11.5
2024,2024-02-16,12000,12800,13950,14050,14500,14900,26.125,1.3
2024,2024-02-19,12150,12900,14000,14100,14650,14950,25.62916666666667,19.0
2024,2024-02-20,12150,12900,14000,14100,14650,14950,25.93333333333333,28.1
2024,2024-02-21,12150,12900,14000,14100,14650,14950,26.26666666666667,6.5
2024,2024-02-22,12150,12900,14000,14100,14650,14950,26.9,1.3
2024,2024-02-23,12150,12900,13950,14100,14650,14950,26.66666666666667,3.6
2024,2024-02-26,12150,12900,13950,14100,14650,14950,25.925,4.2
2024,2024-02-27,12150,12900,13950,14100,14650,14950,25.46666666666667,10.4
2024,2024-02-28,12150,12900,13950,14100,14650,14950,26.69583333333334,1.6
2024,2024-02-29,12150,12900,13950,14100,14650,14950,25.89583333333333,7.4
2024,2024-03-01,12150,12900,13950,14100,14650,14950,27.39583333333333,1.0
2024,2024-03-04,12150,12900,13950,14100,14650,14950,26.54166666666667,5.899999999999999
2024,2024-03-05,12150,12900,13950,14100,14650,14950,26.1625,2.3
2024,2024-03-06,12150,12900,14000,14150,14700,15000,27.25416666666667,0.0
2024,2024-03-07,12150,12900,14000,14150,14700,15000,26.79166666666667,7.9
2024,2024-03-08,12150,12900,14000,14150,14700,15000,25.59166666666667,18.7
2024,2024-03-11,12150,12900,14000,14150,14700,15000,26.84583333333333,0.6000000000000001
2024,2024-03-12,12150,12900,14000,14150,14700,15000,27.15833333333333,0.0
2024,2024-03-13,12150,12900,14000,14150,14700,15000,27.38333333333334,0.0
2024,2024-03-14,12150,12900,14000,14150,14700,15000,27.61666666666666,0.0
2024,2024-03-15,12150,12900,14000,14150,14700,15000,27.71666666666667,0.3
2024,2024-03-18,12150,12900,14000,14100,14700,15000,27.02083333333333,3.3
2024,2024-03-19,12150,12900,14000,14100,14700,15000,26.85833333333333,1.5
2024,2024-03-20,12150,12900,14000,14100,14700,15000,25.90833333333333,24.2
2024,2024-03-21,12150,12900,14000,14100,14700,15000,26.14583333333333,9.7
2024,2024-03-22,12150,12900,14000,14100,14700,15000,26.20416666666667,13.0
2024,2024-03-25,12150,12900,14000,14100,14700,15000,27.05,6.100000000000001
2024,2024-03-26,12150,12900,14000,14100,14700,15000,26.3125,16.7
2024,2024-03-27,12150,12900,14000,14100,14700,15000,26.25416666666667,8.9
2024,2024-03-28,12200,12900,14000,14100,14650,14950,26.7125,3.4
2024,2024-03-29,12200,12900,14000,14100,14650,14950,25.95416666666667,10.7
2024,2024-04-01,12200,12900,14000,14100,14650,14950,25.85,13.5
2024,2024-04-02,12200,12900,14000,14100,14650,14950,26.89583333333333,3.0
2024,2024-04-03,12200,12900,14000,14100,14650,14950,26.83333333333333,7.5
2024,2024-04-04,12200,12900,14000,14100,14650,14950,26.54583333333333,9.3
2024,2024-04-05,12200,12900,14000,14100,14650,14950,28.15833333333333,0.9999999999999999
2024,2024-04-08,12350,12800,13950,14250,14700,15150,27.22916666666667,2.9
2024,2024-04-09,12350,12800,13950,14250,14700,15150,26.6125,24.6
2024,2024-04-10,12350,12800,13950,14250,14700,15150,27.17083333333333,2.4
2024,2024-04-11,12350,12800,13950,14250,14700,15150,27.1625,16.6
2024,2024-04-12,12350,12800,13950,14250,14700,15150,27.11666666666666,2.4
2024,2024-04-15,12350,12800,13950,14250,14700,15150,27.18333333333333,2.6
2024,2024-04-16,12200,12900,14000,14100,14650,14950,26.30833333333333,20.4
2024,2024-04-17,12200,12900,14000,14100,14650,14950,26.30833333333333,15.4
2024,2024-04-18,12200,12900,14000,14100,14650,14950,26.425,10.5
2024,2024-04-19,12200,12900,14000,14100,14650,14950,25.94166666666667,14.4
2024,2024-04-22,12200,12900,14000,14150,14650,15000,27.24166666666666,12.0
2024,2024-04-23,12200,12900,14000,14150,14650,15000,26.65,9.4
2024,2024-04-24,12200,12900,14000,14150,14650,15000,26.68333333333333,9.7
2024,2024-04-25,12200,12900,14000,14150,14650,15000,26.62083333333333,15.3
2024,2024-04-26,12200,12900,14000,14150,14650,15000,27.2625,6.1
2024,2024-04-29,12150,12850,14000,14100,14550,14900,26.6375,16.4
2024,2024-04-30,12350,12900,14000,14050,14700,15000,26.69166666666667,6.800000000000001
2024,2024-05-01,12550,12800,13950,14200,14750,15200,26.57083333333334,16.8
2024,2024-05-02,12350,12900,14000,14050,14700,15000,26.80416666666666,3.2
2024,2024-05-03,12350,12900,14000,14050,14700,15000,27.05416666666666,7.1
2024,2024-05-06,12350,12900,14000,14050,14700,15000,27.79583333333333,9.799999999999999
2024,2024-05-07,12400,12900,14000,14050,14700,15000,26.2625,26.3
2024,2024-05-08,12400,12900,14000,14050,14700,15000,27.6,0.6
2024,2024-05-09,12550,12800,13950,14200,14750,15200,26.81666666666667,6.3
2024,2024-05-10,12550,12800,13950,14200,14750,15200,26.38333333333334,24.4
2024,2024-05-13,12400,12900,14050,14100,14700,15000,27.26666666666667,4.7
2024,2024-05-14,12400,12900,14050,14100,14700,15000,27.475,14.3
2024,2024-05-15,12450,12900,14050,14100,14700,15000,27.23333333333333,15.8
2024,2024-05-16,12450,12900,14050,14100,14700,15000,26.41666666666667,11.7
2024,2024-05-17,12450,12900,14050,14100,14700,15000,26.52916666666667,15.7
2024,2024-05-20,12450,12900,14050,14100,14700,15000,26.3625,33.5
2024,2024-05-21,12450,12900,14050,14100,14700,15000,25.95833333333333,13.2
2024,2024-05-22,12450,12900,14050,14100,14700,15000,27.19583333333334,6.2
2024,2024-05-23,12550,12850,13950,14200,14750,15200,27.42083333333333,16.7
2024,2024-05-24,12550,12850,13950,14200,14750,15200,27.9,2.5
2024,2024-05-27,12450,12900,14050,14100,14700,15000,28.475,0.0
2024,2024-05-28,12450,12900,14050,14100,14700,15000,26.81666666666667,35.90000000000001
2024,2024-05-29,12450,12900,14050,14100,14700,15000,27.54583333333333,19.7
2024,2024-05-30,12450,12900,14050,14100,14700,15000,27.18333333333333,22.6
2024,2024-05-31,12450,12900,14050,14100,14700,15000,27.47916666666667,2.2
2024,2024-06-03,12450,12900,14050,14100,14700,15000,26.95833333333333,3.6
2024,2024-06-04,12450,12900,14050,14100,14700,15000,28.625,0.6000000000000001
2024,2024-06-05,12450,12900,14050,14100,14700,15000,28.07083333333334,4.800000000000001
2024,2024-06-06,12450,12900,14050,14100,14700,15000,26.67916666666666,6.0
2024,2024-06-07,12450,12900,14050,14100,14700,15000,26.6,16.9
2024,2024-06-10,12450,12900,14050,14100,14700,15000,26.81666666666667,2.1
2024,2024-06-11,12450,12900,14050,14100,14700,15000,26.70416666666667,33.59999999999999
2024,2024-06-12,12450,12900,14050,14100,14700,15000,26.08333333333333,25.4
2024,2024-06-13,12450,12900,14050,14100,14700,15000,26.82083333333334,3.2
2024,2024-06-14,12450,12900,14050,14100,14700,15050,26.9125,4.5
2024,2024-06-17,12550,12850,13950,14250,14800,15250,26.14583333333333,0.3
2024,2024-06-18,12550,12850,13950,14250,14800,15250,26.0375,4.3
2024,2024-06-19,12450,12900,14050,14100,14700,15050,26.51666666666667,15.0
2024,2024-06-20,12450,12900,14050,14100,14700,15050,26.07916666666667,15.9
2024,2024-06-21,12450,12900,14050,14100,14700,15050,25.6,16.8
2024,2024-06-24,12450,12900,14050,14100,14700,15050,26.97916666666667,16.4
2024,2024-06-25,12450,12900,14050,14100,14700,15050,26.21666666666667,9.5
2024,2024-06-26,12450,12900,14050,14100,14700,15050,26.37083333333333,6.600000000000001
2024,2024-06-27,12350,12900,14000,14100,14700,15000,26.32916666666667,10.0
2024,2024-06-28,12350,12900,14000,14100,14700,15000,26.11666666666666,16.5
2024,2024-07-01,12350,12900,14000,14100,14700,15000,26.10833333333333,2.5
2024,2024-07-02,12350,12900,14000,14100,14700,15000,26.9875,4.2
2024,2024-07-03,12350,12900,14000,14100,14700,15000,27.1,4.6
2024,2024-07-04,12350,12900,14000,14100,14700,15000,25.875,3.9
2024,2024-07-05,12350,12900,14000,14100,14700,15000,25.61666666666666,14.2
2024,2024-07-08,12350,12900,14000,14100,14700,15000,25.83333333333333,8.0
2024,2024-07-09,12350,12900,14000,14100,14700,15000,25.575,24.2
2024,2024-07-10,12350,12900,14000,14100,14700,15000,25.15416666666667,5.5
2024,2024-07-11,12350,12900,14000,14100,14700,15000,26.5125,0.8
2024,2024-07-12,12350,12900,14000,14100,14700,15000,26.25833333333334,0.0
2024,2024-07-15,12350,12900,14000,14100,14700,15000,27.73333333333333,1.6
2024,2024-07-16,12350,12900,14000,14100,14700,15000,27.41666666666667,3.4
2024,2024-07-17,12350,12900,14000,14100,14700,15000,27.06666666666667,1.4
2024,2024-07-18,12350,12900,14000,14100,14700,15000,28.1625,0.0
2024,2024-07-19,12350,12900,14000,14100,14700,15000,27.7375,0.0
2024,2024-07-22,12400,12950,14050,14150,14700,15000,28.5875,0.7
2024,2024-07-23,12400,12950,14050,14150,14700,15000,28.66666666666667,0.3
2024,2024-07-24,12400,12950,14050,14150,14700,15000,28.7125,0.1
2024,2024-07-25,12400,12950,14050,14150,14700,15000,29.17083333333333,0.1
2024,2024-07-26,12400,12950,14050,14150,14750,15000,29.075,0.5
2024,2024-07-29,12400,12950,14000,14150,14550,14950,26.70833333333333,1.1
2024,2024-07-30,12400,12950,14000,14150,14550,14950,27.52083333333333,2.7
2024,2024-07-31,12400,12950,14000,14150,14550,14950,27.07916666666667,6.5
2024,2024-08-01,12400,12950,14000,14150,14550,14950,27.14166666666667,17.9
2024,2024-08-02,12400,12950,14000,14150,14550,14950,26.975,12.9
2024,2024-08-05,12400,12950,14000,14150,14550,14950,26.00416666666667,18.2
2024,2024-08-06,12400,12950,14000,14150,14550,14950,24.9125,12.3
2024,2024-08-07,12400,12950,14000,14150,14550,14950,25.525,20.1
2024,2024-08-08,12400,12950,14000,14150,14550,14950,26.92916666666666,0.4
2024,2024-08-09,12400,12950,14000,14150,14550,14950,26.9375,1.1
2024,2024-08-12,12400,12950,14000,14150,14550,14950,25.6875,2.1
2024,2024-08-13,12400,12950,14000,14150,14550,14950,26.125,13.1
2024,2024-08-14,12400,12950,14000,14150,14550,14950,25.7,30.1
2024,2024-08-15,12400,12950,14000,14150,14550,14950,25.8875,26.6
2024,2024-08-16,12400,12950,14000,14150,14550,14950,26.42916666666666,5.7
2024,2024-08-19,12400,12950,14000,14150,14550,14950,24.98333333333333,29.7
2024,2024-08-20,12400,12950,14000,14150,14550,14950,24.30833333333333,16.7
2024,2024-08-21,12400,12950,14000,14150,14550,14950,25.90416666666667,9.5
2024,2024-08-22,12400,12950,14000,14150,14550,14950,26.575,18.8
2024,2024-08-23,12400,12950,14000,14150,14550,14950,24.6625,9.9
2024,2024-08-26,12400,12950,14000,14150,14550,14950,25.825,0.2
2024,2024-08-27,12400,12950,14000,14150,14550,14950,24.94166666666667,36.3
2024,2024-08-28,12400,12950,14050,14150,14600,15000,25.43333333333333,0.6000000000000001
2024,2024-08-29,12400,12950,14050,14150,14600,15000,26.10833333333333,4.1
2024,2024-08-30,12600,13000,14200,14300,14800,15100,25.8875,20.5
2024,2024-09-02,12400,12950,14050,14150,14600,15000,26.75,11.0
2024,2024-09-03,12400,12950,14050,14150,14600,15000,26.54583333333333,1.8
2024,2024-09-04,12400,12950,14050,14150,14550,15000,26.38333333333334,41.1
2024,2024-09-05,12400,12950,14050,14150,14550,15000,26.37916666666667,16.4
2024,2024-09-06,12350,12950,14050,14150,14550,15000,26.475,43.8
2024,2024-09-09,12350,12950,14050,14150,14550,15000,25.69583333333334,13.2
2024,2024-09-10,12400,12950,14050,14150,14550,15000,25.6375,10.6
2024,2024-09-11,12550,13000,14200,14300,14800,15100,25.98333333333333,8.6
2024,2024-09-12,12400,12950,14050,14150,14550,14950,25.77083333333333,17.6
2024,2024-09-13,12400,12950,14050,14150,14550,15000,25.48333333333333,21.1
2024,2024-09-16,12850,13650,14050,14250,14350,15050,25.95416666666667,11.3
2024,2024-09-17,12400,12950,14050,14150,14550,15000,25.27916666666667,2.6
2024,2024-09-18,12400,12950,14050,14150,14550,15000,26.5875,15.1
2024,2024-09-19,12400,12950,14050,14150,14550,15000,27.00833333333334,1.2
2024,2024-09-20,12400,12950,14050,14150,14550,15000,25.5875,18.7
2024,2024-09-23,12450,12950,14100,14200,14600,15000,26.275,20.7
2024,2024-09-24,12450,12950,14100,14200,14600,15000,24.875,26.3
2024,2024-09-25,12450,12950,14100,14200,14550,14950,26.61666666666666,1.0
2024,2024-09-26,12450,12950,14100,14200,14550,15000,26.3,11.5
2024,2024-09-27,12450,12950,14100,14200,14550,15000,26.70416666666667,3.7
2024,2024-09-30,12450,12950,14100,14200,14550,14900,25.12083333333333,25.8
2024,2024-10-01,12450,12950,14100,14200,14550,14900,25.45833333333333,1.9
2024,2024-10-02,12450,12950,14100,14200,14550,14900,26.15,6.2
2024,2024-10-03,12450,12950,14100,14200,14550,14900,25.16666666666667,24.0
2024,2024-10-04,12450,12950,14100,14200,14550,14900,25.7125,35.8
2024,2024-10-07,12450,12950,14050,14200,14550,14900,25.26666666666667,14.9
2024,2024-10-08,12450,12950,14050,14200,14550,14900,24.9625,18.5
2024,2024-10-09,12450,12900,14050,14200,14550,14900,24.77916666666667,34.4
2024,2024-10-10,12400,12850,14050,14150,14500,14900,25.2,38.1
2024,2024-10-11,12400,12850,14050,14150,14500,14900,24.50833333333334,39.6
2024,2024-10-14,12400,12850,14050,14150,14500,14900,25.97916666666667,16.5
2024,2024-10-15,12400,12850,13950,14150,14500,14900,24.0625,27.3
2024,2024-10-16,12400,12850,13950,14150,14500,14900,25.6625,8.3
2024,2024-10-17,12400,12850,13950,14150,14500,14900,25.625,11.2
2024,2024-10-18,12350,12850,13900,14150,14500,14850,25.39166666666667,1.3
2024,2024-10-21,12350,12850,13900,14150,14500,14850,27.225,0.0
2024,2024-10-22,12350,12850,13900,14150,14500,14850,27.02083333333333,1.4
2024,2024-10-23,12350,12850,13900,14150,14500,14850,26.81666666666667,3.7
2024,2024-10-24,12350,12850,13900,14150,14500,14850,26.15,5.6
2024,2024-10-25,12350,12850,13900,14150,14500,14850,25.90833333333333,1.3
2024,2024-10-28,12350,12850,13900,14150,14500,14850,26.92083333333333,14.1
2024,2024-10-29,12350,12850,13900,14150,14500,14850,25.89583333333333,6.7
2024,2024-10-30,12350,12850,13900,14150,14500,14850,26.4375,0.8
2024,2024-10-31,12350,12850,13900,14150,14500,14850,25.3625,24.6
2024,2024-11-01,12350,12850,13900,14150,14500,14850,25.25,8.0
2024,2024-11-04,12350,12850,13900,14150,14500,14850,24.98333333333333,20.1
2024,2024-11-05,12350,12850,13900,14150,14500,14850,25.1875,1.9
2024,2024-11-06,12350,12850,13900,14150,14500,14850,25.45416666666667,12.0
2024,2024-11-07,12500,12850,13900,14250,14700,14950,25.45,8.299999999999999
2024,2024-11-08,12350,12850,13900,14150,14500,14850,25.025,3.9
2024,2024-11-11,12350,12850,13900,14150,14500,14850,25.34583333333333,29.3
2024,2024-11-12,12400,12850,13950,14150,14450,14900,25.4375,10.3
2024,2024-11-13,12350,12850,13900,14150,14500,14850,25.74166666666666,10.7
2024,2024-11-14,12400,12850,13900,14100,14500,14850,25.20833333333333,15.6
2024,2024-11-15,12400,12850,13900,14100,14500,14850,25.89166666666667,12.2
2024,2024-11-18,12400,12750,13750,13950,14300,14750,25.9375,4.600000000000001
2024,2024-11-19,12400,12750,13750,13950,14300,14750,25.325,17.1
2024,2024-11-20,12400,12750,13250,13950,14300,14750,25.29583333333333,14.2
2024,2024-11-21,12400,12750,13750,13950,14300,14750,24.50416666666667,22.2
2024,2024-11-22,12400,12750,13750,13950,14300,14700,24.89583333333333,15.7
2024,2024-11-25,12250,12750,13750,13850,14100,14600,26.24583333333333,11.9
2024,2024-11-26,12400,12750,13750,13950,14300,14750,24.97916666666667,26.0
2024,2024-11-27,13000,13450,13550,14150,14150,15000,25.00833333333334,15.4
2024,2024-11-28,12400,12750,13750,13950,14300,14750,24.51666666666667,29.3
2024,2024-11-29,12250,12750,13750,13850,14100,14600,24.69583333333334,23.2
2024,2024-12-02,12400,12750,13750,13950,14300,14700,25.125,18.4
2024,2024-12-03,12400,12750,13750,13950,14300,14750,25.11666666666666,27.3
2024,2024-12-04,12400,12750,13750,13950,14300,14750,24.97916666666667,14.3
2024,2024-12-05,12400,12750,13750,13950,14300,14750,25.89166666666667,1.0
2024,2024-12-06,12400,12750,13750,13950,14300,14750,25.92916666666666,4.7
2024,2024-12-09,12400,12750,13850,14050,14350,14750,24.93333333333333,12.9
2024,2024-12-10,12400,12750,13850,14050,14350,14750,24.775,25.7
2024,2024-12-11,12400,12750,13850,14050,14350,14750,25.7375,19.7
2024,2024-12-12,12400,12750,13850,14050,14350,14750,26.27083333333333,2.3
2024,2024-12-13,12400,12750,13850,14050,14350,14750,25.25,29.5
2024,2024-12-16,12400,12750,13850,14050,14350,14750,25.775,11.3
2024,2024-12-17,12350,12750,13850,14050,14350,14750,25.45833333333333,17.8
2024,2024-12-18,12350,12750,13850,14050,14350,14750,25.2875,15.8
2024,2024-12-19,12350,12750,13850,14050,14350,14800,24.72083333333333,10.1
2024,2024-12-20,12350,12750,13850,14050,14350,14800,25.325,17.1
2024,2024-12-23,12350,12750,13850,14050,14350,14800,25.05833333333333,24.3
2024,2024-12-24,12350,12750,13850,14050,14350,14800,24.625,31.8
2024,2024-12-25,12800,13400,13700,14050,14000,13850,24.67083333333333,15.8
2024,2024-12-26,12800,13400,13700,14050,14000,14700,26.02083333333333,0.0
2024,2024-12-27,12350,12750,13850,14050,14400,14800,26.15416666666667,0.2
2024,2024-12-30,12350,12750,13850,14050,14400,14750,24.975,12.7
2024,2024-12-31,12350,12750,13850,14050,14400,14800,24.91666666666667,22.6
